2017-12-31 00:00,4,A,A,0,A,A,0
2017-12-31 00:00,5,A,A,0,A,A,0
2017-12-31 00:00,6,A,A,0,A,A,0
2017-12-31 00:00,7,A,A,0,A,U,0
2017-12-31 00:00,8,A,A,0,A,A,0
2017-12-31 00:00,9,A,A,0,I,I,0
2017-12-31 00:00,10,A,A,0,A,A,0
2017-12-31 00:00,11,I,A,A,A,A,A
2017-12-31 00:00,12,A,A,0,A,A,0
2017-12-31 00:00,14,A,A,A,A,A,A
2017-12-31 00:05,4,A,A,0,A,A,0
2017-12-31 00:05,5,A,A,0,A,A,0
2017-12-31 00:05,6,A,A,0,A,A,0
2017-12-31 00:05,7,A,A,0,A,U,0
2017-12-31 00:05,8,A,A,0,A,A,0
2017-12-31 00:05,9,A,A,0,I,I,0
2017-12-31 00:05,10,A,A,0,A,A,0
2017-12-31 00:05,11,A,A,A,I,I,A
2017-12-31 00:05,12,A,A,0,A,A,0
2017-12-31 00:05,14,A,A,A,A,A,A
2017-12-31 00:10,4,A,A,0,A,A,0
2017-12-31 00:10,5,A,A,0,A,A,0
2017-12-31 00:10,6,A,A,0,A,A,0
2017-12-31 00:10,7,A,A,0,A,U,0
2017-12-31 00:10,8,A,A,0,A,A,0
2017-12-31 00:10,9,A,A,0,I,A,0
2017-12-31 00:10,10,A,A,0,A,A,0
2017-12-31 00:10,11,A,A,A,I,I,A
2017-12-31 00:10,12,A,A,0,A,A,0
2017-12-31 00:10,14,A,A,A,A,A,A
2017-12-31 00:15,4,A,A,0,A,A,0
2017-12-31 00:15,5,A,A,0,A,A,0
2017-12-31 00:15,6,A,A,0,A,A,0
2017-12-31 00:15,7,A,A,0,A,U,0
2017-12-31 00:15,8,A,A,0,A,A,0
2017-12-31 00:15,9,A,A,0,I,I,0
2017-12-31 00:15,10,A,A,0,A,A,0
2017-12-31 00:15,11,A,A,A,I,I,A
2017-12-31 00:15,12,A,A,0,A,A,0
2017-12-31 00:15,14,A,A,A,A,A,A
2017-12-31 00:20,4,A,A,0,A,A,0
2017-12-31 00:20,5,A,A,0,A,A,0
2017-12-31 00:20,6,A,A,0,A,A,0
2017-12-31 00:20,7,A,A,0,A,U,0
2017-12-31 00:20,8,A,A,0,A,A,0
2017-12-31 00:20,9,A,A,0,I,I,0
2017-12-31 00:20,10,A,A,0,A,A,0
2017-12-31 00:20,11,A,A,A,I,I,A
2017-12-31 00:20,12,A,A,0,A,A,0
2017-12-31 00:20,14,A,A,A,A,A,A
2017-12-31 00:25,4,A,A,0,A,A,0
2017-12-31 00:25,5,A,A,0,A,A,0
2017-12-31 00:25,6,A,A,0,A,A,0
2017-12-31 00:25,7,A,A,0,A,U,0
2017-12-31 00:25,8,A,A,0,A,A,0
2017-12-31 00:25,9,A,A,0,I,I,0
2017-12-31 00:25,10,A,A,0,A,A,0
2017-12-31 00:25,11,A,A,A,I,I,A
2017-12-31 00:25,12,A,A,0,A,A,0
2017-12-31 00:25,14,A,A,A,A,A,A
2017-12-31 00:30,4,A,A,0,A,A,0
2017-12-31 00:30,5,A,A,0,A,A,0
2017-12-31 00:30,6,A,A,0,A,A,0
2017-12-31 00:30,7,A,A,0,A,U,0
2017-12-31 00:30,8,A,A,0,A,A,0
2017-12-31 00:30,9,A,A,0,I,I,0
2017-12-31 00:30,10,A,A,0,A,A,0
2017-12-31 00:30,11,A,A,A,I,I,A
2017-12-31 00:30,12,A,A,0,A,A,0
2017-12-31 00:30,14,A,A,A,A,A,A
2017-12-31 00:35,4,A,A,0,A,A,0
2017-12-31 00:35,5,A,A,0,A,A,0
2017-12-31 00:35,6,A,A,0,A,A,0
2017-12-31 00:35,7,A,A,0,A,U,0
2017-12-31 00:35,8,A,A,0,A,A,0
2017-12-31 00:35,9,A,A,0,I,I,0
2017-12-31 00:35,10,A,A,0,A,A,0
2017-12-31 00:35,11,A,A,A,I,I,A
2017-12-31 00:35,12,A,A,0,A,A,0
2017-12-31 00:35,14,A,A,A,A,A,A
2017-12-31 00:40,4,A,A,0,A,A,0
2017-12-31 00:40,5,A,A,0,A,A,0
2017-12-31 00:40,6,A,A,0,A,A,0
2017-12-31 00:40,7,A,A,0,A,U,0
2017-12-31 00:40,8,A,A,0,A,A,0
2017-12-31 00:40,9,A,A,0,I,I,0
2017-12-31 00:40,10,A,A,0,A,A,0
2017-12-31 00:40,11,A,A,A,I,I,A
2017-12-31 00:40,12,A,A,0,A,A,0
2017-12-31 00:40,14,A,A,A,A,A,A
2017-12-31 00:45,4,A,A,0,A,A,0
2017-12-31 00:45,5,A,A,0,A,A,0
2017-12-31 00:45,6,A,A,0,A,A,0
2017-12-31 00:45,7,A,A,0,A,U,0
2017-12-31 00:45,8,A,A,0,A,A,0
2017-12-31 00:45,9,A,A,0,I,I,0
2017-12-31 00:45,10,A,A,0,A,A,0
2017-12-31 00:45,11,A,A,A,I,I,A
2017-12-31 00:45,12,A,A,0,A,A,0
2017-12-31 00:45,14,A,A,A,A,A,A
2017-12-31 00:50,4,A,A,0,A,A,0
2017-12-31 00:50,5,A,A,0,A,A,0
2017-12-31 00:50,6,A,A,0,A,A,0
2017-12-31 00:50,7,A,A,0,A,U,0
2017-12-31 00:50,8,A,A,0,A,A,0
2017-12-31 00:50,9,A,A,0,I,I,0
2017-12-31 00:50,10,A,A,0,A,A,0
2017-12-31 00:50,11,A,A,A,I,I,A
2017-12-31 00:50,12,A,A,0,A,A,0
2017-12-31 00:50,14,A,A,A,A,A,A
2017-12-31 00:55,4,A,A,0,A,A,0
2017-12-31 00:55,5,A,A,0,A,A,0
2017-12-31 00:55,6,A,A,0,A,A,0
2017-12-31 00:55,7,A,A,0,A,U,0
2017-12-31 00:55,8,A,A,0,A,A,0
2017-12-31 00:55,9,A,A,0,I,I,0
2017-12-31 00:55,10,A,A,0,A,A,0
2017-12-31 00:55,11,A,A,A,I,I,A
2017-12-31 00:55,12,A,A,0,A,A,0
2017-12-31 00:55,14,A,A,A,A,A,A
2017-12-31 01:00,4,A,A,0,A,A,0
2017-12-31 01:00,5,A,A,0,A,A,0
2017-12-31 01:00,6,A,A,0,A,A,0
2017-12-31 01:00,7,A,A,0,A,U,0
2017-12-31 01:00,8,A,A,0,A,A,0
2017-12-31 01:00,9,A,A,0,I,I,0
2017-12-31 01:00,10,A,A,0,A,A,0
2017-12-31 01:00,11,A,A,A,A,A,A
2017-12-31 01:00,12,A,A,0,A,A,0
2017-12-31 01:00,14,A,A,A,A,A,A
2017-12-31 01:05,4,A,A,0,A,A,0
2017-12-31 01:05,5,A,A,0,A,A,0
2017-12-31 01:05,6,A,A,0,A,A,0
2017-12-31 01:05,7,A,A,0,A,U,0
2017-12-31 01:05,8,A,A,0,A,A,0
2017-12-31 01:05,9,A,A,0,I,I,0
2017-12-31 01:05,10,A,A,0,A,A,0
2017-12-31 01:05,11,A,A,A,A,A,A
2017-12-31 01:05,12,I,I,0,A,A,0
2017-12-31 01:05,14,A,A,A,A,A,A
2017-12-31 01:10,4,A,A,0,A,A,0
2017-12-31 01:10,5,A,A,0,A,A,0
2017-12-31 01:10,6,A,A,0,A,A,0
2017-12-31 01:10,7,A,A,0,A,U,0
2017-12-31 01:10,8,A,A,0,A,A,0
2017-12-31 01:10,9,A,A,0,I,I,0
2017-12-31 01:10,10,A,A,0,A,A,0
2017-12-31 01:10,11,A,A,A,A,A,A
2017-12-31 01:10,12,I,I,0,A,A,0
2017-12-31 01:10,14,A,A,A,A,A,A
2017-12-31 01:15,4,A,A,0,A,A,0
2017-12-31 01:15,5,A,A,0,A,A,0
2017-12-31 01:15,6,A,A,0,A,A,0
2017-12-31 01:15,7,A,A,0,A,U,0
2017-12-31 01:15,8,A,A,0,A,A,0
2017-12-31 01:15,9,A,A,0,I,I,0
2017-12-31 01:15,10,A,A,0,A,A,0
2017-12-31 01:15,11,A,A,A,A,A,A
2017-12-31 01:15,12,I,I,0,A,A,0
2017-12-31 01:15,14,A,A,A,A,A,A
2017-12-31 01:20,4,A,A,0,A,A,0
2017-12-31 01:20,5,A,A,0,A,A,0
2017-12-31 01:20,6,A,A,0,A,A,0
2017-12-31 01:20,7,A,A,0,A,U,0
2017-12-31 01:20,8,A,A,0,A,A,0
2017-12-31 01:20,9,A,A,0,I,I,0
2017-12-31 01:20,10,A,A,0,A,A,0
2017-12-31 01:20,11,A,A,A,A,A,A
2017-12-31 01:20,12,I,I,0,A,A,0
2017-12-31 01:20,14,A,A,A,A,A,A
2017-12-31 01:25,4,A,A,0,A,A,0
2017-12-31 01:25,5,A,A,0,A,A,0
2017-12-31 01:25,6,A,A,0,A,A,0
2017-12-31 01:25,7,A,A,0,A,U,0
2017-12-31 01:25,8,A,A,0,A,A,0
2017-12-31 01:25,9,A,A,0,I,I,0
2017-12-31 01:25,10,A,A,0,A,A,0
2017-12-31 01:25,11,A,A,A,A,A,A
2017-12-31 01:25,12,I,I,0,A,A,0
2017-12-31 01:25,14,A,A,A,A,A,A
2017-12-31 01:30,4,A,A,0,A,A,0
2017-12-31 01:30,5,A,A,0,A,A,0
2017-12-31 01:30,6,A,A,0,A,A,0
2017-12-31 01:30,7,A,A,0,A,U,0
2017-12-31 01:30,8,A,A,0,A,A,0
2017-12-31 01:30,9,A,A,0,I,I,0
2017-12-31 01:30,10,A,A,0,A,A,0
2017-12-31 01:30,11,A,A,A,A,A,A
2017-12-31 01:30,12,I,I,0,A,A,0
2017-12-31 01:30,14,A,A,A,A,A,A
2017-12-31 01:35,4,A,A,0,A,A,0
2017-12-31 01:35,5,A,A,0,A,A,0
2017-12-31 01:35,6,A,A,0,A,A,0
2017-12-31 01:35,7,A,A,0,A,U,0
2017-12-31 01:35,8,A,A,0,A,A,0
2017-12-31 01:35,9,A,A,0,I,A,0
2017-12-31 01:35,10,A,A,0,A,A,0
2017-12-31 01:35,11,A,A,A,A,A,A
2017-12-31 01:35,12,I,I,0,A,A,0
2017-12-31 01:35,14,A,A,A,A,A,A
2017-12-31 01:40,4,A,A,0,A,A,0
2017-12-31 01:40,5,A,A,0,A,A,0
2017-12-31 01:40,6,A,A,0,A,A,0
2017-12-31 01:40,7,A,A,0,A,U,0
2017-12-31 01:40,8,A,A,0,A,A,0
2017-12-31 01:40,9,A,A,0,I,A,0
2017-12-31 01:40,10,A,A,0,A,A,0
2017-12-31 01:40,11,A,A,A,A,A,A
2017-12-31 01:40,12,I,I,0,A,A,0
2017-12-31 01:40,14,A,A,A,A,A,A
2017-12-31 01:45,4,A,A,0,A,A,0
2017-12-31 01:45,5,A,A,0,A,A,0
2017-12-31 01:45,6,A,A,0,A,A,0
2017-12-31 01:45,7,A,A,0,A,U,0
2017-12-31 01:45,8,A,A,0,A,A,0
2017-12-31 01:45,9,A,A,0,I,A,0
2017-12-31 01:45,10,A,A,0,A,A,0
2017-12-31 01:45,11,A,A,A,A,A,A
2017-12-31 01:45,12,I,I,0,A,A,0
2017-12-31 01:45,14,A,A,A,A,A,A
2017-12-31 01:50,4,A,A,0,A,A,0
2017-12-31 01:50,5,A,A,0,A,A,0
2017-12-31 01:50,6,A,A,0,A,A,0
2017-12-31 01:50,7,A,A,0,A,U,0
2017-12-31 01:50,8,A,A,0,A,A,0
2017-12-31 01:50,9,A,A,0,I,A,0
2017-12-31 01:50,10,A,A,0,A,A,0
2017-12-31 01:50,11,A,A,A,A,A,A
2017-12-31 01:50,12,A,I,0,A,A,0
2017-12-31 01:50,14,A,A,A,A,A,A
2017-12-31 01:55,4,A,A,0,A,A,0
2017-12-31 01:55,5,A,A,0,A,A,0
2017-12-31 01:55,6,A,A,0,A,A,0
2017-12-31 01:55,7,A,A,0,A,U,0
2017-12-31 01:55,8,A,A,0,A,A,0
2017-12-31 01:55,9,A,A,0,I,A,0
2017-12-31 01:55,10,A,A,0,A,A,0
2017-12-31 01:55,11,A,A,A,A,A,A
2017-12-31 01:55,12,A,I,0,A,A,0
2017-12-31 01:55,14,A,A,A,A,A,A
2017-12-31 02:00,4,A,A,0,A,A,0
2017-12-31 02:00,5,A,A,0,A,A,0
2017-12-31 02:00,6,A,A,0,A,A,0
2017-12-31 02:00,7,A,A,0,A,U,0
2017-12-31 02:00,8,A,A,0,A,A,0
2017-12-31 02:00,9,A,A,0,I,A,0
2017-12-31 02:00,10,A,A,0,A,A,0
2017-12-31 02:00,11,A,A,A,A,A,A
2017-12-31 02:00,12,A,A,0,A,A,0
2017-12-31 02:00,14,A,A,A,A,A,A
2017-12-31 02:05,4,A,A,0,A,A,0
2017-12-31 02:05,5,A,A,0,A,A,0
2017-12-31 02:05,6,A,A,0,A,A,0
2017-12-31 02:05,7,A,A,0,A,U,0
2017-12-31 02:05,8,A,A,0,A,A,0
2017-12-31 02:05,9,A,A,0,I,A,0
2017-12-31 02:05,10,A,A,0,A,A,0
2017-12-31 02:05,11,A,A,A,A,A,A
2017-12-31 02:05,12,A,A,0,I,A,0
2017-12-31 02:05,14,A,A,A,A,A,A
2017-12-31 02:10,4,A,A,0,A,A,0
2017-12-31 02:10,5,A,A,0,A,A,0
2017-12-31 02:10,6,A,A,0,A,A,0
2017-12-31 02:10,7,A,A,0,A,U,0
2017-12-31 02:10,8,A,A,0,A,A,0
2017-12-31 02:10,9,A,A,0,I,A,0
2017-12-31 02:10,10,A,A,0,A,A,0
2017-12-31 02:10,11,A,A,A,A,A,A
2017-12-31 02:10,12,A,A,0,I,A,0
2017-12-31 02:10,14,A,A,A,A,A,A
2017-12-31 02:15,4,A,A,0,A,A,0
2017-12-31 02:15,5,A,A,0,A,A,0
2017-12-31 02:15,6,A,A,0,A,A,0
2017-12-31 02:15,7,A,A,0,A,U,0
2017-12-31 02:15,8,A,A,0,A,A,0
2017-12-31 02:15,9,A,A,0,I,A,0
2017-12-31 02:15,10,A,A,0,A,A,0
2017-12-31 02:15,11,A,A,A,A,A,A
2017-12-31 02:15,12,A,A,0,I,A,0
2017-12-31 02:15,14,A,A,A,A,A,A
2017-12-31 02:20,4,A,A,0,A,A,0
2017-12-31 02:20,5,A,A,0,A,A,0
2017-12-31 02:20,6,A,A,0,A,A,0
2017-12-31 02:20,7,A,A,0,A,U,0
2017-12-31 02:20,8,A,A,0,A,A,0
2017-12-31 02:20,9,A,A,0,I,A,0
2017-12-31 02:20,10,A,A,0,A,A,0
2017-12-31 02:20,11,A,A,A,A,A,A
2017-12-31 02:20,12,A,A,0,I,A,0
2017-12-31 02:20,14,A,A,A,A,A,A
2017-12-31 02:25,4,A,A,0,A,A,0
2017-12-31 02:25,5,A,A,0,A,A,0
2017-12-31 02:25,6,A,A,0,A,A,0
2017-12-31 02:25,7,A,A,0,A,U,0
2017-12-31 02:25,8,A,A,0,A,A,0
2017-12-31 02:25,9,A,A,0,I,A,0
2017-12-31 02:25,10,A,A,0,A,A,0
2017-12-31 02:25,11,A,A,A,A,A,A
2017-12-31 02:25,12,A,A,0,I,A,0
2017-12-31 02:25,14,A,A,A,A,A,A
2017-12-31 02:30,4,A,A,0,A,A,0
2017-12-31 02:30,5,A,A,0,A,A,0
2017-12-31 02:30,6,A,A,0,A,A,0
2017-12-31 02:30,7,A,A,0,A,U,0
2017-12-31 02:30,8,A,A,0,A,A,0
2017-12-31 02:30,9,A,A,0,I,A,0
2017-12-31 02:30,10,A,A,0,A,A,0
2017-12-31 02:30,11,A,A,A,A,A,A
2017-12-31 02:30,12,A,A,0,I,A,0
2017-12-31 02:30,14,A,A,A,A,A,A
2017-12-31 02:35,4,A,A,0,A,A,0
2017-12-31 02:35,5,A,A,0,A,A,0
2017-12-31 02:35,6,A,A,0,A,A,0
2017-12-31 02:35,7,A,A,0,A,U,0
2017-12-31 02:35,8,A,A,0,A,A,0
2017-12-31 02:35,9,A,A,0,I,A,0
2017-12-31 02:35,10,A,A,0,A,A,0
2017-12-31 02:35,11,A,A,A,A,A,A
2017-12-31 02:35,12,A,A,0,I,A,0
2017-12-31 02:35,14,A,A,A,A,A,A
2017-12-31 02:40,4,A,A,0,A,A,0
2017-12-31 02:40,5,A,A,0,A,A,0
2017-12-31 02:40,6,A,A,0,A,A,0
2017-12-31 02:40,7,A,A,0,A,U,0
2017-12-31 02:40,8,A,A,0,A,A,0
2017-12-31 02:40,9,A,A,0,I,A,0
2017-12-31 02:40,10,A,A,0,A,A,0
2017-12-31 02:40,11,A,A,A,A,A,A
2017-12-31 02:40,12,A,A,0,I,A,0
2017-12-31 02:40,14,A,A,A,A,A,A
2017-12-31 02:45,4,A,A,0,A,A,0
2017-12-31 02:45,5,A,A,0,A,A,0
2017-12-31 02:45,6,A,A,0,A,A,0
2017-12-31 02:45,7,A,A,0,A,U,0
2017-12-31 02:45,8,A,A,0,A,A,0
2017-12-31 02:45,9,A,A,0,I,A,0
2017-12-31 02:45,10,A,A,0,A,A,0
2017-12-31 02:45,11,A,A,A,A,A,A
2017-12-31 02:45,12,A,A,0,I,A,0
2017-12-31 02:45,14,A,A,A,A,A,A
2017-12-31 02:50,4,A,A,0,A,A,0
2017-12-31 02:50,5,A,A,0,A,A,0
2017-12-31 02:50,6,A,A,0,A,A,0
2017-12-31 02:50,7,A,A,0,A,U,0
2017-12-31 02:50,8,A,A,0,A,A,0
2017-12-31 02:50,9,A,A,0,I,A,0
2017-12-31 02:50,10,A,A,0,A,A,0
2017-12-31 02:50,11,A,A,A,A,A,A
2017-12-31 02:50,12,A,A,0,I,A,0
2017-12-31 02:50,14,A,A,A,A,A,A
2017-12-31 02:55,4,A,A,0,A,A,0
2017-12-31 02:55,5,A,A,0,A,A,0
2017-12-31 02:55,6,A,A,0,A,A,0
2017-12-31 02:55,7,A,A,0,A,U,0
2017-12-31 02:55,8,A,A,0,A,A,0
2017-12-31 02:55,9,A,A,0,I,A,0
2017-12-31 02:55,10,A,A,0,A,A,0
2017-12-31 02:55,11,A,A,A,A,A,A
2017-12-31 02:55,12,A,A,0,I,A,0
2017-12-31 02:55,14,A,A,A,A,A,A
2017-12-31 03:00,4,A,A,0,A,A,0
2017-12-31 03:00,5,A,A,0,A,A,0
2017-12-31 03:00,6,A,A,0,A,A,0
2017-12-31 03:00,7,A,A,0,A,U,0
2017-12-31 03:00,8,A,A,0,A,A,0
2017-12-31 03:00,9,A,A,0,I,A,0
2017-12-31 03:00,10,A,A,0,A,A,0
2017-12-31 03:00,11,A,A,A,A,A,A
2017-12-31 03:00,12,A,A,0,I,A,0
2017-12-31 03:00,14,A,A,A,A,A,A
2017-12-31 03:05,4,A,A,0,A,A,0
2017-12-31 03:05,5,A,A,0,A,A,0
2017-12-31 03:05,6,A,A,0,A,A,0
2017-12-31 03:05,7,A,A,0,A,U,0
2017-12-31 03:05,8,A,A,0,A,A,0
2017-12-31 03:05,9,A,A,0,I,A,0
2017-12-31 03:05,10,A,A,0,A,A,0
2017-12-31 03:05,11,A,A,A,A,A,A
2017-12-31 03:05,12,A,A,0,A,A,0
2017-12-31 03:05,14,A,A,A,A,A,A
2017-12-31 03:10,4,A,A,0,A,A,0
2017-12-31 03:10,5,A,A,0,A,A,0
2017-12-31 03:10,6,A,A,0,A,A,0
2017-12-31 03:10,7,A,A,0,A,U,0
2017-12-31 03:10,8,A,A,0,A,A,0
2017-12-31 03:10,9,A,A,0,I,A,0
2017-12-31 03:10,10,A,A,0,A,A,0
2017-12-31 03:10,11,A,A,A,A,A,A
2017-12-31 03:10,12,A,A,0,A,A,0
2017-12-31 03:10,14,A,A,A,A,A,A
2017-12-31 03:15,4,A,A,0,A,A,0
2017-12-31 03:15,5,A,A,0,A,A,0
2017-12-31 03:15,6,A,A,0,A,A,0
2017-12-31 03:15,7,A,A,0,A,U,0
2017-12-31 03:15,8,A,A,0,A,A,0
2017-12-31 03:15,9,A,A,0,I,A,0
2017-12-31 03:15,10,A,A,0,A,A,0
2017-12-31 03:15,11,A,A,A,A,A,A
2017-12-31 03:15,12,A,A,0,A,A,0
2017-12-31 03:15,14,A,A,A,A,A,A
2017-12-31 03:20,4,A,A,0,A,A,0
2017-12-31 03:20,5,A,A,0,A,A,0
2017-12-31 03:20,6,A,A,0,A,A,0
2017-12-31 03:20,7,A,A,0,A,U,0
2017-12-31 03:20,8,A,A,0,A,A,0
2017-12-31 03:20,9,A,A,0,I,A,0
2017-12-31 03:20,10,A,A,0,A,A,0
2017-12-31 03:20,11,A,A,A,A,A,A
2017-12-31 03:20,12,A,A,0,A,A,0
2017-12-31 03:20,14,A,A,A,A,A,A
2017-12-31 03:25,4,A,A,0,A,A,0
2017-12-31 03:25,5,A,A,0,A,A,0
2017-12-31 03:25,6,A,A,0,A,A,0
2017-12-31 03:25,7,A,A,0,A,U,0
2017-12-31 03:25,8,A,A,0,A,A,0
2017-12-31 03:25,9,A,A,0,I,A,0
2017-12-31 03:25,10,A,A,0,A,A,0
2017-12-31 03:25,11,A,A,A,A,A,A
2017-12-31 03:25,12,A,A,0,A,A,0
2017-12-31 03:25,14,A,A,A,A,A,A
2017-12-31 03:30,4,A,A,0,A,A,0
2017-12-31 03:30,5,A,A,0,A,A,0
2017-12-31 03:30,6,A,A,0,A,A,0
2017-12-31 03:30,7,A,A,0,A,U,0
2017-12-31 03:30,8,A,A,0,A,A,0
2017-12-31 03:30,9,A,A,0,I,A,0
2017-12-31 03:30,10,A,A,0,A,A,0
2017-12-31 03:30,11,A,A,A,A,A,A
2017-12-31 03:30,12,A,A,0,A,A,0
2017-12-31 03:30,14,A,A,A,A,A,A
2017-12-31 03:35,4,A,A,0,A,A,0
2017-12-31 03:35,5,A,A,0,A,A,0
2017-12-31 03:35,6,A,A,0,A,A,0
2017-12-31 03:35,7,A,A,0,A,U,0
2017-12-31 03:35,8,A,A,0,A,A,0
2017-12-31 03:35,9,A,A,0,I,A,0
2017-12-31 03:35,10,A,A,0,A,A,0
2017-12-31 03:35,11,A,A,A,A,A,A
2017-12-31 03:35,12,A,A,0,A,A,0
2017-12-31 03:35,14,A,A,A,A,A,A
2017-12-31 03:40,4,A,A,0,A,A,0
2017-12-31 03:40,5,A,A,0,A,A,0
2017-12-31 03:40,6,A,A,0,A,A,0
2017-12-31 03:40,7,A,A,0,A,U,0
2017-12-31 03:40,8,A,A,0,A,A,0
2017-12-31 03:40,9,A,A,0,I,A,0
2017-12-31 03:40,10,A,A,0,A,A,0
2017-12-31 03:40,11,A,A,A,A,A,A
2017-12-31 03:40,12,A,A,0,A,A,0
2017-12-31 03:40,14,A,A,A,A,A,A
2017-12-31 03:45,4,A,A,0,A,A,0
2017-12-31 03:45,5,A,A,0,A,A,0
2017-12-31 03:45,6,A,A,0,A,A,0
2017-12-31 03:45,7,A,A,0,A,U,0
2017-12-31 03:45,8,A,A,0,A,A,0
2017-12-31 03:45,9,A,A,0,I,A,0
2017-12-31 03:45,10,A,A,0,A,A,0
2017-12-31 03:45,11,A,A,A,A,A,A
2017-12-31 03:45,12,A,A,0,A,A,0
2017-12-31 03:45,14,A,A,A,A,A,A
2017-12-31 03:50,4,A,A,0,A,A,0
2017-12-31 03:50,5,A,A,0,A,A,0
2017-12-31 03:50,6,A,A,0,A,A,0
2017-12-31 03:50,7,A,A,0,A,U,0
2017-12-31 03:50,8,A,A,0,A,A,0
2017-12-31 03:50,9,A,A,0,I,A,0
2017-12-31 03:50,10,A,A,0,A,A,0
2017-12-31 03:50,11,A,A,A,A,A,A
2017-12-31 03:50,12,A,A,0,A,A,0
2017-12-31 03:50,14,A,A,A,A,A,A
2017-12-31 03:55,4,A,A,0,A,A,0
2017-12-31 03:55,5,A,A,0,A,A,0
2017-12-31 03:55,6,A,A,0,A,A,0
2017-12-31 03:55,7,A,A,0,A,U,0
2017-12-31 03:55,8,A,A,0,A,A,0
2017-12-31 03:55,9,A,A,0,I,A,0
2017-12-31 03:55,10,A,A,0,A,A,0
2017-12-31 03:55,11,A,A,A,A,A,A
2017-12-31 03:55,12,A,A,0,A,A,0
2017-12-31 03:55,14,A,A,A,A,A,A
2017-12-31 04:00,4,A,A,0,A,A,0
2017-12-31 04:00,5,A,A,0,A,A,0
2017-12-31 04:00,6,A,A,0,A,A,0
2017-12-31 04:00,7,A,A,0,A,U,0
2017-12-31 04:00,8,A,A,0,A,A,0
2017-12-31 04:00,9,A,A,0,I,A,0
2017-12-31 04:00,10,A,A,0,A,A,0
2017-12-31 04:00,11,A,A,A,A,A,A
2017-12-31 04:00,12,A,A,0,A,A,0
2017-12-31 04:00,14,A,A,A,A,A,A
2017-12-31 04:05,4,A,A,0,A,A,0
2017-12-31 04:05,5,A,A,0,A,A,0
2017-12-31 04:05,6,A,A,0,A,A,0
2017-12-31 04:05,7,A,A,0,A,U,0
2017-12-31 04:05,8,A,A,0,A,A,0
2017-12-31 04:05,9,A,A,0,I,A,0
2017-12-31 04:05,10,A,A,0,A,A,0
2017-12-31 04:05,11,A,A,A,A,A,A
2017-12-31 04:05,12,A,A,0,A,A,0
2017-12-31 04:05,14,A,A,A,A,A,A
2017-12-31 04:10,4,A,A,0,A,A,0
2017-12-31 04:10,5,A,A,0,A,A,0
2017-12-31 04:10,6,A,A,0,A,A,0
2017-12-31 04:10,7,A,A,0,A,U,0
2017-12-31 04:10,8,A,A,0,A,A,0
2017-12-31 04:10,9,A,A,0,I,A,0
2017-12-31 04:10,10,A,A,0,A,A,0
2017-12-31 04:10,11,A,A,A,A,A,A
2017-12-31 04:10,12,A,A,0,A,A,0
2017-12-31 04:10,14,A,A,A,A,A,A
2017-12-31 04:15,4,A,A,0,A,A,0
2017-12-31 04:15,5,A,A,0,A,A,0
2017-12-31 04:15,6,A,A,0,A,A,0
2017-12-31 04:15,7,A,A,0,A,U,0
2017-12-31 04:15,8,A,A,0,A,A,0
2017-12-31 04:15,9,A,A,0,I,A,0
2017-12-31 04:15,10,A,A,0,A,A,0
2017-12-31 04:15,11,A,A,A,A,A,A
2017-12-31 04:15,12,A,A,0,A,A,0
2017-12-31 04:15,14,A,A,A,A,A,A
2017-12-31 04:20,4,A,A,0,A,A,0
2017-12-31 04:20,5,A,A,0,A,A,0
2017-12-31 04:20,6,A,A,0,A,A,0
2017-12-31 04:20,7,A,A,0,A,U,0
2017-12-31 04:20,8,A,A,0,A,A,0
2017-12-31 04:20,9,A,A,0,I,A,0
2017-12-31 04:20,10,A,A,0,A,A,0
2017-12-31 04:20,11,A,A,A,A,A,A
2017-12-31 04:20,12,A,A,0,A,A,0
2017-12-31 04:20,14,A,A,A,A,A,A
2017-12-31 04:25,4,A,A,0,A,A,0
2017-12-31 04:25,5,A,A,0,A,A,0
2017-12-31 04:25,6,A,A,0,A,A,0
2017-12-31 04:25,7,A,A,0,A,U,0
2017-12-31 04:25,8,A,A,0,A,A,0
2017-12-31 04:25,9,A,A,0,I,A,0
2017-12-31 04:25,10,A,A,0,A,A,0
2017-12-31 04:25,11,A,A,A,A,A,A
2017-12-31 04:25,12,A,A,0,A,A,0
2017-12-31 04:25,14,A,A,A,A,A,A
2017-12-31 04:30,4,A,A,0,A,A,0
2017-12-31 04:30,5,A,A,0,A,A,0
2017-12-31 04:30,6,A,A,0,A,A,0
2017-12-31 04:30,7,A,A,0,A,U,0
2017-12-31 04:30,8,A,A,0,A,A,0
2017-12-31 04:30,9,A,A,0,I,A,0
2017-12-31 04:30,10,A,A,0,A,A,0
2017-12-31 04:30,11,A,A,A,A,A,A
2017-12-31 04:30,12,A,A,0,A,A,0
2017-12-31 04:30,14,A,A,A,A,A,A
2017-12-31 04:35,4,A,A,0,A,A,0
2017-12-31 04:35,5,A,A,0,A,A,0
2017-12-31 04:35,6,A,A,0,A,A,0
2017-12-31 04:35,7,A,A,0,A,U,0
2017-12-31 04:35,8,A,A,0,A,A,0
2017-12-31 04:35,9,A,A,0,I,A,0
2017-12-31 04:35,10,A,A,0,A,A,0
2017-12-31 04:35,11,A,A,A,A,A,A
2017-12-31 04:35,12,A,A,0,A,A,0
2017-12-31 04:35,14,A,A,A,A,A,A
2017-12-31 04:40,4,A,A,0,A,A,0
2017-12-31 04:40,5,A,A,0,A,A,0
2017-12-31 04:40,6,A,A,0,A,A,0
2017-12-31 04:40,7,A,A,0,A,U,0
2017-12-31 04:40,8,A,A,0,A,A,0
2017-12-31 04:40,9,A,A,0,I,A,0
2017-12-31 04:40,10,A,A,0,A,A,0
2017-12-31 04:40,11,A,A,A,A,A,A
2017-12-31 04:40,12,A,A,0,A,A,0
2017-12-31 04:40,14,A,A,A,A,A,A
2017-12-31 04:45,4,A,A,0,A,A,0
2017-12-31 04:45,5,A,A,0,A,A,0
2017-12-31 04:45,6,A,A,0,A,A,0
2017-12-31 04:45,7,A,A,0,A,U,0
2017-12-31 04:45,8,A,A,0,A,A,0
2017-12-31 04:45,9,A,A,0,I,A,0
2017-12-31 04:45,10,A,A,0,A,A,0
2017-12-31 04:45,11,A,A,A,A,A,A
2017-12-31 04:45,12,A,A,0,A,A,0
2017-12-31 04:45,14,A,A,A,A,A,A
2017-12-31 04:50,4,A,A,0,A,A,0
2017-12-31 04:50,5,A,A,0,A,A,0
2017-12-31 04:50,6,A,A,0,A,A,0
2017-12-31 04:50,7,A,A,0,A,U,0
2017-12-31 04:50,8,A,A,0,A,A,0
2017-12-31 04:50,9,A,A,0,I,A,0
2017-12-31 04:50,10,A,A,0,A,A,0
2017-12-31 04:50,11,A,A,A,A,A,A
2017-12-31 04:50,12,A,A,0,A,A,0
2017-12-31 04:50,14,A,A,A,A,A,A
2017-12-31 04:55,4,A,A,0,A,A,0
2017-12-31 04:55,5,A,A,0,A,A,0
2017-12-31 04:55,6,A,A,0,A,A,0
2017-12-31 04:55,7,A,A,0,A,U,0
2017-12-31 04:55,8,A,A,0,A,A,0
2017-12-31 04:55,9,A,A,0,I,A,0
2017-12-31 04:55,10,A,A,0,A,A,0
2017-12-31 04:55,11,A,A,A,A,A,A
2017-12-31 04:55,12,A,A,0,A,A,0
2017-12-31 04:55,14,A,A,A,A,A,A
2017-12-31 05:00,4,A,A,0,A,A,0
2017-12-31 05:00,5,A,A,0,A,A,0
2017-12-31 05:00,6,A,A,0,A,A,0
2017-12-31 05:00,7,A,A,0,A,U,0
2017-12-31 05:00,8,A,A,0,A,A,0
2017-12-31 05:00,9,A,A,0,I,A,0
2017-12-31 05:00,10,A,A,0,A,A,0
2017-12-31 05:00,11,A,A,A,A,A,A
2017-12-31 05:00,12,A,A,0,A,A,0
2017-12-31 05:00,14,A,A,A,A,A,A
2017-12-31 05:05,4,A,A,0,A,A,0
2017-12-31 05:05,5,A,A,0,A,A,0
2017-12-31 05:05,6,A,A,0,A,A,0
2017-12-31 05:05,7,A,A,0,A,U,0
2017-12-31 05:05,8,A,A,0,A,A,0
2017-12-31 05:05,9,A,A,0,I,A,0
2017-12-31 05:05,10,A,A,0,A,A,0
2017-12-31 05:05,11,A,A,A,A,A,A
2017-12-31 05:05,12,A,A,0,A,A,0
2017-12-31 05:05,14,A,A,A,A,A,A
2017-12-31 05:10,4,A,A,0,A,A,0
2017-12-31 05:10,5,A,A,0,A,A,0
2017-12-31 05:10,6,A,A,0,A,A,0
2017-12-31 05:10,7,A,A,0,A,U,0
2017-12-31 05:10,8,A,A,0,A,A,0
2017-12-31 05:10,9,A,A,0,I,A,0
2017-12-31 05:10,10,A,A,0,A,A,0
2017-12-31 05:10,11,A,A,A,A,A,A
2017-12-31 05:10,12,A,A,0,A,A,0
2017-12-31 05:10,14,A,A,A,A,A,A
2017-12-31 05:15,4,A,A,0,A,A,0
2017-12-31 05:15,5,A,A,0,A,A,0
2017-12-31 05:15,6,A,A,0,A,A,0
2017-12-31 05:15,7,A,A,0,A,U,0
2017-12-31 05:15,8,A,A,0,A,A,0
2017-12-31 05:15,9,A,A,0,I,A,0
2017-12-31 05:15,10,A,A,0,A,A,0
2017-12-31 05:15,11,A,A,A,A,A,A
2017-12-31 05:15,12,A,A,0,A,A,0
2017-12-31 05:15,14,A,A,A,A,A,A
2017-12-31 05:20,4,A,A,0,A,A,0
2017-12-31 05:20,5,A,A,0,A,A,0
2017-12-31 05:20,6,A,A,0,A,A,0
2017-12-31 05:20,7,A,A,0,A,U,0
2017-12-31 05:20,8,A,A,0,A,A,0
2017-12-31 05:20,9,A,A,0,I,A,0
2017-12-31 05:20,10,A,A,0,A,A,0
2017-12-31 05:20,11,A,A,A,A,A,A
2017-12-31 05:20,12,A,A,0,A,A,0
2017-12-31 05:20,14,A,A,A,A,A,A
2017-12-31 05:25,4,A,A,0,A,A,0
2017-12-31 05:25,5,A,A,0,A,A,0
2017-12-31 05:25,6,A,A,0,A,A,0
2017-12-31 05:25,7,A,A,0,A,U,0
2017-12-31 05:25,8,A,A,0,A,A,0
2017-12-31 05:25,9,A,A,0,I,A,0
2017-12-31 05:25,10,A,A,0,A,A,0
2017-12-31 05:25,11,A,A,A,A,A,A
2017-12-31 05:25,12,A,A,0,A,A,0
2017-12-31 05:25,14,A,A,A,A,A,A
2017-12-31 05:30,4,A,A,0,A,A,0
2017-12-31 05:30,5,A,A,0,A,A,0
2017-12-31 05:30,6,A,A,0,A,A,0
2017-12-31 05:30,7,A,A,0,A,U,0
2017-12-31 05:30,8,A,A,0,A,A,0
2017-12-31 05:30,9,A,A,0,I,A,0
2017-12-31 05:30,10,A,A,0,A,A,0
2017-12-31 05:30,11,A,A,A,A,A,A
2017-12-31 05:30,12,A,A,0,A,A,0
2017-12-31 05:30,14,A,A,A,A,A,A
2017-12-31 05:35,4,A,A,0,A,A,0
2017-12-31 05:35,5,A,A,0,A,A,0
2017-12-31 05:35,6,A,A,0,A,A,0
2017-12-31 05:35,7,A,A,0,A,U,0
2017-12-31 05:35,8,A,A,0,A,A,0
2017-12-31 05:35,9,A,A,0,I,A,0
2017-12-31 05:35,10,A,A,0,A,A,0
2017-12-31 05:35,11,A,A,A,A,A,A
2017-12-31 05:35,12,A,A,0,A,A,0
2017-12-31 05:35,14,A,A,A,A,A,A
2017-12-31 05:40,4,A,A,0,A,A,0
2017-12-31 05:40,5,A,A,0,A,A,0
2017-12-31 05:40,6,A,A,0,A,A,0
2017-12-31 05:40,7,A,A,0,A,U,0
2017-12-31 05:40,8,A,A,0,A,A,0
2017-12-31 05:40,9,A,A,0,I,A,0
2017-12-31 05:40,10,A,A,0,A,A,0
2017-12-31 05:40,11,A,A,A,A,A,A
2017-12-31 05:40,12,A,A,0,A,A,0
2017-12-31 05:40,14,A,A,A,A,A,A
2017-12-31 05:45,4,A,A,0,A,A,0
2017-12-31 05:45,5,A,A,0,A,A,0
2017-12-31 05:45,6,A,A,0,A,A,0
2017-12-31 05:45,7,A,A,0,A,U,0
2017-12-31 05:45,8,A,A,0,A,A,0
2017-12-31 05:45,9,A,A,0,I,A,0
2017-12-31 05:45,10,A,A,0,A,A,0
2017-12-31 05:45,11,A,A,A,A,A,A
2017-12-31 05:45,12,A,A,0,A,A,0
2017-12-31 05:45,14,A,A,A,A,A,A
2017-12-31 05:50,4,A,A,0,A,A,0
2017-12-31 05:50,5,A,A,0,A,A,0
2017-12-31 05:50,6,A,A,0,A,A,0
2017-12-31 05:50,7,A,A,0,A,U,0
2017-12-31 05:50,8,A,A,0,A,A,0
2017-12-31 05:50,9,A,A,0,I,A,0
2017-12-31 05:50,10,A,A,0,A,A,0
2017-12-31 05:50,11,A,A,A,A,A,A
2017-12-31 05:50,12,A,A,0,A,A,0
2017-12-31 05:50,14,A,A,A,A,A,A
2017-12-31 05:55,4,A,A,0,A,A,0
2017-12-31 05:55,5,A,A,0,A,A,0
2017-12-31 05:55,6,A,A,0,A,A,0
2017-12-31 05:55,7,A,A,0,A,U,0
2017-12-31 05:55,8,A,A,0,A,A,0
2017-12-31 05:55,9,A,A,0,I,A,0
2017-12-31 05:55,10,A,A,0,A,A,0
2017-12-31 05:55,11,A,A,A,A,A,A
2017-12-31 05:55,12,A,A,0,A,A,0
2017-12-31 05:55,14,A,A,A,A,A,A
2017-12-31 06:00,4,A,A,0,A,A,0
2017-12-31 06:00,5,A,A,0,A,A,0
2017-12-31 06:00,6,A,A,0,A,A,0
2017-12-31 06:00,7,A,A,0,A,U,0
2017-12-31 06:00,8,A,A,0,A,A,0
2017-12-31 06:00,9,A,A,0,I,A,0
2017-12-31 06:00,10,A,A,0,A,A,0
2017-12-31 06:00,11,A,A,A,A,A,A
2017-12-31 06:00,12,A,A,0,A,A,0
2017-12-31 06:00,14,A,A,A,A,A,A
2017-12-31 06:05,4,A,A,0,A,A,0
2017-12-31 06:05,5,A,A,0,A,A,0
2017-12-31 06:05,6,A,A,0,A,A,0
2017-12-31 06:05,7,A,A,0,A,U,0
2017-12-31 06:05,8,A,A,0,A,A,0
2017-12-31 06:05,9,A,A,0,I,A,0
2017-12-31 06:05,10,A,A,0,A,A,0
2017-12-31 06:05,11,A,A,A,A,A,A
2017-12-31 06:05,12,A,A,0,A,A,0
2017-12-31 06:05,14,A,A,A,A,A,A
2017-12-31 06:10,4,A,A,0,A,A,0
2017-12-31 06:10,5,A,A,0,A,A,0
2017-12-31 06:10,6,A,A,0,A,A,0
2017-12-31 06:10,7,A,A,0,A,U,0
2017-12-31 06:10,8,A,A,0,A,A,0
2017-12-31 06:10,9,A,A,0,I,A,0
2017-12-31 06:10,10,A,A,0,A,A,0
2017-12-31 06:10,11,A,A,A,A,A,A
2017-12-31 06:10,12,A,A,0,A,A,0
2017-12-31 06:10,14,A,A,A,A,A,A
2017-12-31 06:15,4,A,A,0,A,A,0
2017-12-31 06:15,5,A,A,0,A,A,0
2017-12-31 06:15,6,A,A,0,A,A,0
2017-12-31 06:15,7,A,A,0,A,U,0
2017-12-31 06:15,8,A,A,0,A,A,0
2017-12-31 06:15,9,A,A,0,I,A,0
2017-12-31 06:15,10,A,A,0,A,A,0
2017-12-31 06:15,11,A,A,A,A,A,A
2017-12-31 06:15,12,A,A,0,A,A,0
2017-12-31 06:15,14,A,A,A,A,A,A
2017-12-31 06:20,4,A,A,0,A,A,0
2017-12-31 06:20,5,A,A,0,A,A,0
2017-12-31 06:20,6,A,A,0,A,A,0
2017-12-31 06:20,7,A,A,0,A,U,0
2017-12-31 06:20,8,A,A,0,A,A,0
2017-12-31 06:20,9,A,A,0,I,A,0
2017-12-31 06:20,10,A,A,0,A,A,0
2017-12-31 06:20,11,A,A,A,A,A,A
2017-12-31 06:20,12,A,A,0,A,A,0
2017-12-31 06:20,14,A,A,A,A,A,A
2017-12-31 06:25,4,A,A,0,A,A,0
2017-12-31 06:25,5,A,A,0,A,A,0
2017-12-31 06:25,6,A,A,0,A,A,0
2017-12-31 06:25,7,A,A,0,A,U,0
2017-12-31 06:25,8,A,A,0,A,A,0
2017-12-31 06:25,9,A,A,0,I,A,0
2017-12-31 06:25,10,A,A,0,A,A,0
2017-12-31 06:25,11,A,A,A,A,A,A
2017-12-31 06:25,12,A,A,0,A,A,0
2017-12-31 06:25,14,A,A,A,A,A,A
2017-12-31 06:30,4,A,A,0,A,A,0
2017-12-31 06:30,5,A,A,0,A,A,0
2017-12-31 06:30,6,A,A,0,A,A,0
2017-12-31 06:30,7,A,A,0,A,U,0
2017-12-31 06:30,8,A,A,0,A,A,0
2017-12-31 06:30,9,A,A,0,I,A,0
2017-12-31 06:30,10,A,A,0,A,A,0
2017-12-31 06:30,11,A,A,A,A,A,A
2017-12-31 06:30,12,A,A,0,A,A,0
2017-12-31 06:30,14,A,A,A,A,A,A
2017-12-31 06:35,4,A,A,0,A,A,0
2017-12-31 06:35,5,A,A,0,A,A,0
2017-12-31 06:35,6,A,A,0,A,A,0
2017-12-31 06:35,7,A,A,0,A,U,0
2017-12-31 06:35,8,A,A,0,A,A,0
2017-12-31 06:35,9,A,A,0,I,A,0
2017-12-31 06:35,10,A,A,0,A,A,0
2017-12-31 06:35,11,A,A,A,A,A,A
2017-12-31 06:35,12,A,A,0,A,A,0
2017-12-31 06:35,14,A,A,A,A,A,A
2017-12-31 06:40,4,A,A,0,A,A,0
2017-12-31 06:40,5,A,A,0,A,A,0
2017-12-31 06:40,6,A,A,0,A,A,0
2017-12-31 06:40,7,A,A,0,A,U,0
2017-12-31 06:40,8,A,A,0,A,A,0
2017-12-31 06:40,9,A,A,0,I,A,0
2017-12-31 06:40,10,A,A,0,A,A,0
2017-12-31 06:40,11,A,A,A,A,A,A
2017-12-31 06:40,12,A,A,0,A,A,0
2017-12-31 06:40,14,A,A,A,A,A,A
2017-12-31 06:45,4,A,A,0,A,A,0
2017-12-31 06:45,5,A,A,0,A,A,0
2017-12-31 06:45,6,A,A,0,A,A,0
2017-12-31 06:45,7,A,A,0,A,U,0
2017-12-31 06:45,8,A,A,0,A,A,0
2017-12-31 06:45,9,A,A,0,I,A,0
2017-12-31 06:45,10,A,A,0,A,A,0
2017-12-31 06:45,11,A,A,A,A,A,A
2017-12-31 06:45,12,A,A,0,A,A,0
2017-12-31 06:45,14,A,A,A,A,A,A
2017-12-31 06:50,4,A,A,0,A,A,0
2017-12-31 06:50,5,A,A,0,A,A,0
2017-12-31 06:50,6,A,A,0,A,A,0
2017-12-31 06:50,7,A,A,0,A,U,0
2017-12-31 06:50,8,A,A,0,A,A,0
2017-12-31 06:50,9,A,A,0,I,A,0
2017-12-31 06:50,10,A,A,0,A,A,0
2017-12-31 06:50,11,A,A,A,A,A,A
2017-12-31 06:50,12,A,A,0,A,A,0
2017-12-31 06:50,14,A,A,A,A,A,A
2017-12-31 06:55,4,A,A,0,A,A,0
2017-12-31 06:55,5,A,A,0,A,A,0
2017-12-31 06:55,6,A,A,0,A,A,0
2017-12-31 06:55,7,A,A,0,A,U,0
2017-12-31 06:55,8,A,A,0,A,A,0
2017-12-31 06:55,9,A,A,0,I,A,0
2017-12-31 06:55,10,A,A,0,A,A,0
2017-12-31 06:55,11,A,A,A,A,A,A
2017-12-31 06:55,12,A,A,0,A,A,0
2017-12-31 06:55,14,A,A,A,A,A,A
2017-12-31 07:00,4,A,A,0,A,A,0
2017-12-31 07:00,5,A,A,0,A,A,0
2017-12-31 07:00,6,A,A,0,A,A,0
2017-12-31 07:00,7,A,A,0,A,U,0
2017-12-31 07:00,8,A,A,0,A,A,0
2017-12-31 07:00,9,A,A,0,I,A,0
2017-12-31 07:00,10,A,A,0,A,A,0
2017-12-31 07:00,11,A,A,A,A,A,A
2017-12-31 07:00,12,A,A,0,A,A,0
2017-12-31 07:00,14,A,A,A,A,A,A
2017-12-31 07:05,4,A,A,0,A,A,0
2017-12-31 07:05,5,A,A,0,A,A,0
2017-12-31 07:05,6,A,A,0,A,A,0
2017-12-31 07:05,7,A,A,0,A,U,0
2017-12-31 07:05,8,A,A,0,A,A,0
2017-12-31 07:05,9,A,A,0,I,A,0
2017-12-31 07:05,10,A,A,0,A,A,0
2017-12-31 07:05,11,A,A,A,A,A,A
2017-12-31 07:05,12,A,A,0,A,A,0
2017-12-31 07:05,14,A,A,A,A,A,A
2017-12-31 07:10,4,A,A,0,A,A,0
2017-12-31 07:10,5,A,A,0,A,A,0
2017-12-31 07:10,6,A,A,0,A,A,0
2017-12-31 07:10,7,A,A,0,A,U,0
2017-12-31 07:10,8,A,A,0,A,A,0
2017-12-31 07:10,9,A,A,0,I,A,0
2017-12-31 07:10,10,A,A,0,A,A,0
2017-12-31 07:10,11,A,A,A,A,A,A
2017-12-31 07:10,12,A,A,0,A,A,0
2017-12-31 07:10,14,A,A,A,A,A,A
2017-12-31 07:15,4,A,A,0,A,A,0
2017-12-31 07:15,5,A,A,0,A,A,0
2017-12-31 07:15,6,A,A,0,A,A,0
2017-12-31 07:15,7,A,A,0,A,U,0
2017-12-31 07:15,8,A,A,0,A,A,0
2017-12-31 07:15,9,A,A,0,I,A,0
2017-12-31 07:15,10,A,A,0,A,A,0
2017-12-31 07:15,11,A,A,A,A,A,A
2017-12-31 07:15,12,A,A,0,A,A,0
2017-12-31 07:15,14,A,A,A,A,A,A
2017-12-31 07:20,4,A,A,0,A,A,0
2017-12-31 07:20,5,A,A,0,A,A,0
2017-12-31 07:20,6,A,A,0,A,A,0
2017-12-31 07:20,7,A,A,0,A,U,0
2017-12-31 07:20,8,A,A,0,A,A,0
2017-12-31 07:20,9,A,A,0,I,A,0
2017-12-31 07:20,10,A,A,0,A,A,0
2017-12-31 07:20,11,A,A,A,A,A,A
2017-12-31 07:20,12,A,A,0,A,A,0
2017-12-31 07:20,14,A,A,A,A,A,A
2017-12-31 07:25,4,A,A,0,A,A,0
2017-12-31 07:25,5,A,A,0,A,A,0
2017-12-31 07:25,6,A,A,0,A,A,0
2017-12-31 07:25,7,A,A,0,A,U,0
2017-12-31 07:25,8,A,A,0,A,A,0
2017-12-31 07:25,9,A,A,0,I,A,0
2017-12-31 07:25,10,A,A,0,A,A,0
2017-12-31 07:25,11,A,A,A,A,A,A
2017-12-31 07:25,12,A,A,0,A,A,0
2017-12-31 07:25,14,A,A,A,A,A,A
2017-12-31 07:30,4,A,A,0,A,A,0
2017-12-31 07:30,5,A,A,0,A,A,0
2017-12-31 07:30,6,A,A,0,A,A,0
2017-12-31 07:30,7,A,A,0,A,U,0
2017-12-31 07:30,8,A,A,0,A,A,0
2017-12-31 07:30,9,A,A,0,I,A,0
2017-12-31 07:30,10,A,A,0,A,A,0
2017-12-31 07:30,11,A,A,A,A,A,A
2017-12-31 07:30,12,A,A,0,A,A,0
2017-12-31 07:30,14,A,A,A,A,A,A
2017-12-31 07:35,4,A,A,0,A,A,0
2017-12-31 07:35,5,A,A,0,A,A,0
2017-12-31 07:35,6,A,A,0,A,A,0
2017-12-31 07:35,7,A,A,0,A,U,0
2017-12-31 07:35,8,A,A,0,A,A,0
2017-12-31 07:35,9,A,A,0,I,A,0
2017-12-31 07:35,10,A,A,0,A,A,0
2017-12-31 07:35,11,A,A,A,A,A,A
2017-12-31 07:35,12,A,A,0,A,A,0
2017-12-31 07:35,14,A,A,A,A,A,A
2017-12-31 07:40,4,A,A,0,A,A,0
2017-12-31 07:40,5,A,A,0,A,A,0
2017-12-31 07:40,6,A,A,0,A,A,0
2017-12-31 07:40,7,A,A,0,A,U,0
2017-12-31 07:40,8,A,A,0,A,A,0
2017-12-31 07:40,9,A,A,0,I,A,0
2017-12-31 07:40,10,A,A,0,A,A,0
2017-12-31 07:40,11,A,A,A,A,A,A
2017-12-31 07:40,12,A,A,0,A,A,0
2017-12-31 07:40,14,A,A,A,A,A,A
2017-12-31 07:45,4,A,A,0,A,A,0
2017-12-31 07:45,5,A,A,0,A,A,0
2017-12-31 07:45,6,A,A,0,A,A,0
2017-12-31 07:45,7,A,A,0,A,U,0
2017-12-31 07:45,8,A,A,0,A,A,0
2017-12-31 07:45,9,A,A,0,I,A,0
2017-12-31 07:45,10,A,A,0,A,A,0
2017-12-31 07:45,11,A,A,A,A,A,A
2017-12-31 07:45,12,A,A,0,A,A,0
2017-12-31 07:45,14,A,A,A,A,A,A
2017-12-31 07:50,4,A,A,0,A,A,0
2017-12-31 07:50,5,A,A,0,A,A,0
2017-12-31 07:50,6,A,A,0,A,A,0
2017-12-31 07:50,7,A,A,0,A,U,0
2017-12-31 07:50,8,A,A,0,A,A,0
2017-12-31 07:50,9,A,A,0,I,A,0
2017-12-31 07:50,10,A,A,0,A,A,0
2017-12-31 07:50,11,A,A,A,A,A,A
2017-12-31 07:50,12,A,A,0,A,A,0
2017-12-31 07:50,14,A,A,A,A,A,A
2017-12-31 07:55,4,A,A,0,A,A,0
2017-12-31 07:55,5,A,A,0,A,A,0
2017-12-31 07:55,6,A,A,0,A,A,0
2017-12-31 07:55,7,A,A,0,A,U,0
2017-12-31 07:55,8,A,A,0,A,A,0
2017-12-31 07:55,9,A,A,0,I,A,0
2017-12-31 07:55,10,A,A,0,A,A,0
2017-12-31 07:55,11,A,A,A,A,A,A
2017-12-31 07:55,12,A,A,0,A,A,0
2017-12-31 07:55,14,A,A,A,A,A,A
2017-12-31 08:00,4,A,A,0,A,A,0
2017-12-31 08:00,5,A,A,0,A,A,0
2017-12-31 08:00,6,A,I,0,A,A,0
2017-12-31 08:00,7,A,A,0,A,U,0
2017-12-31 08:00,8,A,A,0,A,A,0
2017-12-31 08:00,9,A,A,0,I,A,0
2017-12-31 08:00,10,A,A,0,A,A,0
2017-12-31 08:00,11,A,A,A,A,A,A
2017-12-31 08:00,12,A,A,0,A,A,0
2017-12-31 08:00,14,A,A,A,A,A,A
2017-12-31 08:05,4,A,A,0,A,A,0
2017-12-31 08:05,5,A,A,0,A,A,0
2017-12-31 08:05,6,A,I,0,A,A,0
2017-12-31 08:05,7,A,A,0,A,U,0
2017-12-31 08:05,8,A,A,0,A,A,0
2017-12-31 08:05,9,A,A,0,I,A,0
2017-12-31 08:05,10,A,A,0,A,A,0
2017-12-31 08:05,11,A,A,A,A,A,A
2017-12-31 08:05,12,A,A,0,A,A,0
2017-12-31 08:05,14,A,A,A,A,A,A
2017-12-31 08:10,4,A,A,0,A,A,0
2017-12-31 08:10,5,A,A,0,A,A,0
2017-12-31 08:10,6,A,I,0,A,A,0
2017-12-31 08:10,7,A,A,0,A,U,0
2017-12-31 08:10,8,A,A,0,A,A,0
2017-12-31 08:10,9,A,A,0,I,A,0
2017-12-31 08:10,10,A,A,0,A,A,0
2017-12-31 08:10,11,A,A,A,A,A,A
2017-12-31 08:10,12,A,A,0,A,A,0
2017-12-31 08:10,14,A,A,A,A,A,A
2017-12-31 08:15,4,A,A,0,A,A,0
2017-12-31 08:15,5,A,A,0,A,A,0
2017-12-31 08:15,6,A,I,0,A,A,0
2017-12-31 08:15,7,A,A,0,A,U,0
2017-12-31 08:15,8,A,A,0,A,A,0
2017-12-31 08:15,9,A,A,0,I,A,0
2017-12-31 08:15,10,A,A,0,A,A,0
2017-12-31 08:15,11,A,A,A,A,A,A
2017-12-31 08:15,12,A,A,0,A,A,0
2017-12-31 08:15,14,A,A,A,A,A,A
2017-12-31 08:20,4,A,A,0,A,A,0
2017-12-31 08:20,5,A,A,0,A,A,0
2017-12-31 08:20,6,A,I,0,A,A,0
2017-12-31 08:20,7,A,A,0,A,U,0
2017-12-31 08:20,8,A,A,0,A,A,0
2017-12-31 08:20,9,A,A,0,I,A,0
2017-12-31 08:20,10,A,A,0,A,A,0
2017-12-31 08:20,11,A,A,A,A,A,A
2017-12-31 08:20,12,A,A,0,A,A,0
2017-12-31 08:20,14,A,A,A,A,A,A
2017-12-31 08:25,4,A,A,0,A,A,0
2017-12-31 08:25,5,A,A,0,A,A,0
2017-12-31 08:25,6,A,I,0,A,A,0
2017-12-31 08:25,7,A,A,0,A,U,0
2017-12-31 08:25,8,A,A,0,A,A,0
2017-12-31 08:25,9,A,A,0,I,A,0
2017-12-31 08:25,10,A,A,0,A,A,0
2017-12-31 08:25,11,A,A,A,A,A,A
2017-12-31 08:25,12,A,A,0,A,A,0
2017-12-31 08:25,14,A,A,A,A,A,A
2017-12-31 08:30,4,A,A,0,A,A,0
2017-12-31 08:30,5,A,A,0,A,A,0
2017-12-31 08:30,6,A,I,0,A,A,0
2017-12-31 08:30,7,A,A,0,A,U,0
2017-12-31 08:30,8,A,A,0,A,A,0
2017-12-31 08:30,9,A,A,0,I,A,0
2017-12-31 08:30,10,A,A,0,A,A,0
2017-12-31 08:30,11,A,A,A,A,A,A
2017-12-31 08:30,12,A,A,0,A,A,0
2017-12-31 08:30,14,A,A,A,A,A,A
2017-12-31 08:35,4,A,A,0,A,A,0
2017-12-31 08:35,5,A,A,0,A,A,0
2017-12-31 08:35,6,A,I,0,A,A,0
2017-12-31 08:35,7,A,A,0,A,U,0
2017-12-31 08:35,8,A,A,0,A,A,0
2017-12-31 08:35,9,A,A,0,I,A,0
2017-12-31 08:35,10,A,A,0,A,A,0
2017-12-31 08:35,11,A,A,A,A,A,A
2017-12-31 08:35,12,A,A,0,A,A,0
2017-12-31 08:35,14,A,A,A,A,A,A
2017-12-31 08:40,4,A,A,0,A,A,0
2017-12-31 08:40,5,A,I,0,A,A,0
2017-12-31 08:40,6,A,I,0,A,A,0
2017-12-31 08:40,7,A,A,0,A,U,0
2017-12-31 08:40,8,A,A,0,A,A,0
2017-12-31 08:40,9,A,A,0,I,A,0
2017-12-31 08:40,10,A,A,0,A,A,0
2017-12-31 08:40,11,A,A,A,A,A,A
2017-12-31 08:40,12,A,A,0,A,A,0
2017-12-31 08:40,14,A,A,A,A,A,A
2017-12-31 08:45,4,A,A,0,A,A,0
2017-12-31 08:45,5,A,I,0,A,A,0
2017-12-31 08:45,6,A,A,0,A,A,0
2017-12-31 08:45,7,A,A,0,A,U,0
2017-12-31 08:45,8,A,A,0,A,A,0
2017-12-31 08:45,9,A,A,0,I,A,0
2017-12-31 08:45,10,A,A,0,A,A,0
2017-12-31 08:45,11,I,I,A,A,A,A
2017-12-31 08:45,12,A,A,0,A,A,0
2017-12-31 08:45,14,A,A,A,A,A,A
2017-12-31 08:50,4,A,A,0,A,A,0
2017-12-31 08:50,5,A,I,0,A,A,0
2017-12-31 08:50,6,A,A,0,A,A,0
2017-12-31 08:50,7,A,A,0,A,U,0
2017-12-31 08:50,8,A,A,0,A,A,0
2017-12-31 08:50,9,A,A,0,I,A,0
2017-12-31 08:50,10,A,A,0,A,A,0
2017-12-31 08:50,11,I,I,A,A,A,A
2017-12-31 08:50,12,A,A,0,A,A,0
2017-12-31 08:50,14,A,A,A,A,A,A
2017-12-31 08:55,4,A,A,0,A,A,0
2017-12-31 08:55,5,A,I,0,A,A,0
2017-12-31 08:55,6,A,A,0,A,A,0
2017-12-31 08:55,7,A,A,0,A,U,0
2017-12-31 08:55,8,I,I,0,A,A,0
2017-12-31 08:55,9,A,A,0,I,A,0
2017-12-31 08:55,10,A,A,0,A,A,0
2017-12-31 08:55,11,I,I,A,A,A,A
2017-12-31 08:55,12,A,A,0,A,A,0
2017-12-31 08:55,14,A,A,A,A,A,A
2017-12-31 09:00,4,A,A,0,A,A,0
2017-12-31 09:00,5,A,I,0,A,A,0
2017-12-31 09:00,6,A,A,0,I,A,0
2017-12-31 09:00,7,A,A,0,A,U,0
2017-12-31 09:00,8,I,I,0,A,A,0
2017-12-31 09:00,9,A,A,0,I,A,0
2017-12-31 09:00,10,A,A,0,A,A,0
2017-12-31 09:00,11,I,I,A,A,A,A
2017-12-31 09:00,12,A,A,0,A,A,0
2017-12-31 09:00,14,A,A,A,A,A,A
2017-12-31 09:05,4,A,A,0,A,A,0
2017-12-31 09:05,5,A,I,0,A,A,0
2017-12-31 09:05,6,A,A,0,I,A,0
2017-12-31 09:05,7,A,A,0,A,U,0
2017-12-31 09:05,8,I,I,0,A,A,0
2017-12-31 09:05,9,A,A,0,I,A,0
2017-12-31 09:05,10,A,A,0,A,A,0
2017-12-31 09:05,11,I,I,A,A,A,A
2017-12-31 09:05,12,A,A,0,A,A,0
2017-12-31 09:05,14,A,A,A,A,A,A
2017-12-31 09:10,4,A,A,0,A,A,0
2017-12-31 09:10,5,A,I,0,A,A,0
2017-12-31 09:10,6,A,A,0,I,A,0
2017-12-31 09:10,7,A,A,0,A,U,0
2017-12-31 09:10,8,I,I,0,A,A,0
2017-12-31 09:10,9,A,A,0,I,A,0
2017-12-31 09:10,10,A,A,0,A,A,0
2017-12-31 09:10,11,I,I,A,A,A,A
2017-12-31 09:10,12,A,A,0,A,A,0
2017-12-31 09:10,14,A,A,A,A,A,A
2017-12-31 09:15,4,A,A,0,A,A,0
2017-12-31 09:15,5,A,I,0,A,A,0
2017-12-31 09:15,6,A,A,0,I,A,0
2017-12-31 09:15,7,A,A,0,A,U,0
2017-12-31 09:15,8,I,I,0,A,A,0
2017-12-31 09:15,9,A,A,0,I,A,0
2017-12-31 09:15,10,A,A,0,A,A,0
2017-12-31 09:15,11,I,I,A,A,A,A
2017-12-31 09:15,12,A,A,0,A,A,0
2017-12-31 09:15,14,A,A,A,A,A,A
2017-12-31 09:20,4,A,A,0,A,A,0
2017-12-31 09:20,5,A,I,0,A,A,0
2017-12-31 09:20,6,A,A,0,I,A,0
2017-12-31 09:20,7,A,A,0,A,U,0
2017-12-31 09:20,8,I,I,0,A,A,0
2017-12-31 09:20,9,A,A,0,I,A,0
2017-12-31 09:20,10,A,A,0,A,A,0
2017-12-31 09:20,11,A,A,A,I,I,I
2017-12-31 09:20,12,A,A,0,A,A,0
2017-12-31 09:20,14,A,A,A,A,A,A
2017-12-31 09:25,4,A,A,0,A,A,0
2017-12-31 09:25,5,A,A,0,A,A,0
2017-12-31 09:25,6,A,A,0,I,A,0
2017-12-31 09:25,7,A,A,0,A,U,0
2017-12-31 09:25,8,I,I,0,A,A,0
2017-12-31 09:25,9,A,A,0,I,A,0
2017-12-31 09:25,10,A,A,0,A,A,0
2017-12-31 09:25,11,A,A,A,I,I,I
2017-12-31 09:25,12,A,A,0,A,A,0
2017-12-31 09:25,14,A,A,A,A,A,A
2017-12-31 09:30,4,A,A,0,A,A,0
2017-12-31 09:30,5,A,A,0,A,A,0
2017-12-31 09:30,6,A,A,0,I,A,0
2017-12-31 09:30,7,A,A,0,A,U,0
2017-12-31 09:30,8,I,I,0,A,A,0
2017-12-31 09:30,9,A,A,0,I,A,0
2017-12-31 09:30,10,A,A,0,A,A,0
2017-12-31 09:30,11,A,A,A,I,I,I
2017-12-31 09:30,12,A,A,0,A,A,0
2017-12-31 09:30,14,A,A,A,A,A,A
2017-12-31 09:35,4,A,A,0,A,A,0
2017-12-31 09:35,5,A,I,0,I,A,0
2017-12-31 09:35,6,A,A,0,I,A,0
2017-12-31 09:35,7,A,A,0,A,U,0
2017-12-31 09:35,8,I,I,0,A,A,0
2017-12-31 09:35,9,A,A,0,I,A,0
2017-12-31 09:35,10,A,A,0,A,A,0
2017-12-31 09:35,11,A,A,A,I,I,I
2017-12-31 09:35,12,A,A,0,A,A,0
2017-12-31 09:35,14,A,A,A,A,A,A
2017-12-31 09:40,4,A,A,0,A,A,0
2017-12-31 09:40,5,A,I,0,I,A,0
2017-12-31 09:40,6,A,A,0,I,A,0
2017-12-31 09:40,7,A,A,0,A,U,0
2017-12-31 09:40,8,I,A,0,A,A,0
2017-12-31 09:40,9,A,A,0,I,I,0
2017-12-31 09:40,10,A,A,0,A,A,0
2017-12-31 09:40,11,A,A,A,A,A,I
2017-12-31 09:40,12,A,A,0,A,A,0
2017-12-31 09:40,14,A,A,I,A,A,A
2017-12-31 09:45,4,A,A,0,A,A,0
2017-12-31 09:45,5,A,I,0,I,A,0
2017-12-31 09:45,6,A,A,0,I,A,0
2017-12-31 09:45,7,A,A,0,A,U,0
2017-12-31 09:45,8,I,I,0,I,I,0
2017-12-31 09:45,9,A,A,0,I,I,0
2017-12-31 09:45,10,A,A,0,A,A,0
2017-12-31 09:45,11,A,A,A,A,A,A
2017-12-31 09:45,12,A,A,0,A,A,0
2017-12-31 09:45,14,A,A,I,A,A,A
2017-12-31 09:50,4,A,A,0,A,A,0
2017-12-31 09:50,5,A,I,0,I,A,0
2017-12-31 09:50,6,A,A,0,I,A,0
2017-12-31 09:50,7,A,A,0,A,U,0
2017-12-31 09:50,8,I,I,0,I,I,0
2017-12-31 09:50,9,A,A,0,I,I,0
2017-12-31 09:50,10,A,A,0,A,A,0
2017-12-31 09:50,11,A,A,A,A,A,A
2017-12-31 09:50,12,A,A,0,A,A,0
2017-12-31 09:50,14,A,A,I,A,A,A
2017-12-31 09:55,4,A,A,0,A,A,0
2017-12-31 09:55,5,A,I,0,I,A,0
2017-12-31 09:55,6,A,A,0,A,A,0
2017-12-31 09:55,7,A,A,0,A,U,0
2017-12-31 09:55,8,I,I,0,I,I,0
2017-12-31 09:55,9,A,A,0,I,I,0
2017-12-31 09:55,10,A,A,0,A,A,0
2017-12-31 09:55,11,A,A,A,A,A,A
2017-12-31 09:55,12,A,A,0,A,A,0
2017-12-31 09:55,14,A,A,I,A,A,A
2017-12-31 10:00,4,A,A,0,A,A,0
2017-12-31 10:00,5,A,I,0,I,A,0
2017-12-31 10:00,6,A,A,0,A,A,0
2017-12-31 10:00,7,A,A,0,A,U,0
2017-12-31 10:00,8,I,I,0,I,I,0
2017-12-31 10:00,9,A,A,0,I,I,0
2017-12-31 10:00,10,A,A,0,A,A,0
2017-12-31 10:00,11,A,A,A,A,A,A
2017-12-31 10:00,12,A,I,0,A,A,0
2017-12-31 10:00,14,A,A,I,A,A,A
2017-12-31 10:05,4,A,A,0,A,A,0
2017-12-31 10:05,5,A,I,0,I,A,0
2017-12-31 10:05,6,A,A,0,A,A,0
2017-12-31 10:05,7,A,A,0,A,U,0
2017-12-31 10:05,8,I,I,0,I,I,0
2017-12-31 10:05,9,A,A,0,I,I,0
2017-12-31 10:05,10,A,A,0,A,A,0
2017-12-31 10:05,11,A,A,A,A,A,A
2017-12-31 10:05,12,A,I,0,A,A,0
2017-12-31 10:05,14,A,A,I,A,A,A
2017-12-31 10:10,4,A,A,0,A,A,0
2017-12-31 10:10,5,A,I,0,I,A,0
2017-12-31 10:10,6,A,A,0,A,A,0
2017-12-31 10:10,7,A,A,0,A,U,0
2017-12-31 10:10,8,I,I,0,I,I,0
2017-12-31 10:10,9,A,A,0,I,I,0
2017-12-31 10:10,10,A,A,0,A,A,0
2017-12-31 10:10,11,A,A,A,A,A,A
2017-12-31 10:10,12,A,I,0,A,A,0
2017-12-31 10:10,14,A,A,I,A,A,A
2017-12-31 10:15,4,A,A,0,A,A,0
2017-12-31 10:15,5,A,I,0,I,A,0
2017-12-31 10:15,6,A,A,0,A,A,0
2017-12-31 10:15,7,A,A,0,A,U,0
2017-12-31 10:15,8,I,I,0,I,I,0
2017-12-31 10:15,9,A,A,0,I,I,0
2017-12-31 10:15,10,A,A,0,A,A,0
2017-12-31 10:15,11,A,A,A,A,A,A
2017-12-31 10:15,12,A,I,0,A,A,0
2017-12-31 10:15,14,A,A,I,A,A,A
2017-12-31 10:20,4,A,A,0,A,A,0
2017-12-31 10:20,5,A,I,0,I,A,0
2017-12-31 10:20,6,A,A,0,A,A,0
2017-12-31 10:20,7,A,A,0,A,U,0
2017-12-31 10:20,8,I,I,0,I,I,0
2017-12-31 10:20,9,A,A,0,I,I,0
2017-12-31 10:20,10,A,A,0,A,A,0
2017-12-31 10:20,11,A,A,A,A,A,A
2017-12-31 10:20,12,A,I,0,A,A,0
2017-12-31 10:20,14,A,A,I,A,A,A
2017-12-31 10:25,4,A,A,0,A,A,0
2017-12-31 10:25,5,A,A,0,I,I,0
2017-12-31 10:25,6,A,A,0,A,A,0
2017-12-31 10:25,7,A,A,0,A,U,0
2017-12-31 10:25,8,I,A,0,I,I,0
2017-12-31 10:25,9,A,A,0,I,I,0
2017-12-31 10:25,10,A,A,0,A,A,0
2017-12-31 10:25,11,A,A,A,A,A,A
2017-12-31 10:25,12,A,I,0,A,A,0
2017-12-31 10:25,14,A,A,A,A,A,A
2017-12-31 10:30,4,A,A,0,A,A,0
2017-12-31 10:30,5,A,A,0,I,I,0
2017-12-31 10:30,6,A,A,0,A,A,0
2017-12-31 10:30,7,A,A,0,A,U,0
2017-12-31 10:30,8,A,A,0,I,I,0
2017-12-31 10:30,9,A,A,0,I,I,0
2017-12-31 10:30,10,A,A,0,A,A,0
2017-12-31 10:30,11,A,A,A,A,A,A
2017-12-31 10:30,12,A,I,0,A,A,0
2017-12-31 10:30,14,A,A,A,A,A,I
2017-12-31 10:35,4,A,A,0,A,A,0
2017-12-31 10:35,5,A,A,0,I,I,0
2017-12-31 10:35,6,A,A,0,A,A,0
2017-12-31 10:35,7,A,A,0,A,U,0
2017-12-31 10:35,8,A,A,0,I,I,0
2017-12-31 10:35,9,A,A,0,I,I,0
2017-12-31 10:35,10,A,A,0,A,A,0
2017-12-31 10:35,11,A,A,A,A,A,A
2017-12-31 10:35,12,A,I,0,A,A,0
2017-12-31 10:35,14,A,A,A,A,A,I
2017-12-31 10:40,4,A,A,0,A,A,0
2017-12-31 10:40,5,A,A,0,I,I,0
2017-12-31 10:40,6,A,A,0,A,A,0
2017-12-31 10:40,7,A,A,0,A,U,0
2017-12-31 10:40,8,A,A,0,I,I,0
2017-12-31 10:40,9,I,A,0,I,I,0
2017-12-31 10:40,10,A,A,0,A,A,0
2017-12-31 10:40,11,A,A,A,A,A,A
2017-12-31 10:40,12,A,I,0,A,A,0
2017-12-31 10:40,14,A,A,A,A,A,I
2017-12-31 10:45,4,A,A,0,A,A,0
2017-12-31 10:45,5,A,A,0,I,I,0
2017-12-31 10:45,6,A,A,0,A,A,0
2017-12-31 10:45,7,A,A,0,A,U,0
2017-12-31 10:45,8,A,A,0,I,I,0
2017-12-31 10:45,9,I,A,0,I,I,0
2017-12-31 10:45,10,A,A,0,A,A,0
2017-12-31 10:45,11,A,A,A,A,A,A
2017-12-31 10:45,12,A,A,0,A,A,0
2017-12-31 10:45,14,A,A,A,A,A,I
2017-12-31 10:50,4,A,A,0,A,A,0
2017-12-31 10:50,5,A,A,0,I,I,0
2017-12-31 10:50,6,A,A,0,A,A,0
2017-12-31 10:50,7,A,A,0,A,U,0
2017-12-31 10:50,8,A,A,0,I,I,0
2017-12-31 10:50,9,I,A,0,I,I,0
2017-12-31 10:50,10,A,A,0,A,A,0
2017-12-31 10:50,11,A,A,A,A,A,A
2017-12-31 10:50,12,A,A,0,A,A,0
2017-12-31 10:50,14,A,A,A,A,A,I
2017-12-31 10:55,4,A,A,0,A,A,0
2017-12-31 10:55,5,A,A,0,I,I,0
2017-12-31 10:55,6,A,A,0,A,A,0
2017-12-31 10:55,7,A,A,0,A,U,0
2017-12-31 10:55,8,I,A,0,I,A,0
2017-12-31 10:55,9,I,A,0,I,I,0
2017-12-31 10:55,10,A,A,0,A,A,0
2017-12-31 10:55,11,A,A,A,A,A,A
2017-12-31 10:55,12,A,A,0,I,A,0
2017-12-31 10:55,14,A,A,A,A,A,I
2017-12-31 11:00,4,A,A,0,A,A,0
2017-12-31 11:00,5,A,A,0,I,I,0
2017-12-31 11:00,6,A,A,0,A,A,0
2017-12-31 11:00,7,A,A,0,A,U,0
2017-12-31 11:00,8,I,A,0,I,A,0
2017-12-31 11:00,9,I,A,0,I,I,0
2017-12-31 11:00,10,A,A,0,A,A,0
2017-12-31 11:00,11,A,A,A,A,A,A
2017-12-31 11:00,12,A,A,0,I,A,0
2017-12-31 11:00,14,A,A,A,A,A,I
2017-12-31 11:05,4,A,A,0,A,A,0
2017-12-31 11:05,5,A,A,0,I,I,0
2017-12-31 11:05,6,A,A,0,A,A,0
2017-12-31 11:05,7,A,A,0,A,U,0
2017-12-31 11:05,8,I,A,0,I,A,0
2017-12-31 11:05,9,I,A,0,I,I,0
2017-12-31 11:05,10,A,A,0,A,A,0
2017-12-31 11:05,11,A,A,A,A,A,A
2017-12-31 11:05,12,A,A,0,I,A,0
2017-12-31 11:05,14,I,I,I,I,I,I
2017-12-31 11:10,4,A,A,0,A,A,0
2017-12-31 11:10,5,A,A,0,I,I,0
2017-12-31 11:10,6,A,A,0,A,A,0
2017-12-31 11:10,7,A,A,0,A,U,0
2017-12-31 11:10,8,I,A,0,I,A,0
2017-12-31 11:10,9,I,A,0,I,I,0
2017-12-31 11:10,10,A,A,0,A,A,0
2017-12-31 11:10,11,A,A,A,A,A,A
2017-12-31 11:10,12,A,A,0,I,A,0
2017-12-31 11:10,14,I,I,I,I,I,I
2017-12-31 11:15,4,A,A,0,A,A,0
2017-12-31 11:15,5,A,A,0,I,I,0
2017-12-31 11:15,6,A,A,0,A,A,0
2017-12-31 11:15,7,A,A,0,A,U,0
2017-12-31 11:15,8,I,I,0,I,A,0
2017-12-31 11:15,9,I,A,0,I,I,0
2017-12-31 11:15,10,A,A,0,A,A,0
2017-12-31 11:15,11,A,A,A,A,A,A
2017-12-31 11:15,12,A,A,0,I,A,0
2017-12-31 11:15,14,I,I,I,I,I,I
2017-12-31 11:20,4,A,A,0,A,A,0
2017-12-31 11:20,5,A,A,0,A,A,0
2017-12-31 11:20,6,A,A,0,A,A,0
2017-12-31 11:20,7,A,A,0,A,U,0
2017-12-31 11:20,8,I,I,0,I,A,0
2017-12-31 11:20,9,I,A,0,I,I,0
2017-12-31 11:20,10,A,A,0,A,A,0
2017-12-31 11:20,11,A,A,A,A,A,A
2017-12-31 11:20,12,A,A,0,I,A,0
2017-12-31 11:20,14,I,I,I,I,I,I
2017-12-31 11:25,4,A,A,0,A,A,0
2017-12-31 11:25,5,A,A,0,A,A,0
2017-12-31 11:25,6,A,A,0,A,A,0
2017-12-31 11:25,7,A,A,0,A,U,0
2017-12-31 11:25,8,I,I,0,I,A,0
2017-12-31 11:25,9,A,A,0,I,I,0
2017-12-31 11:25,10,A,A,0,A,A,0
2017-12-31 11:25,11,A,A,A,A,A,A
2017-12-31 11:25,12,A,A,0,I,A,0
2017-12-31 11:25,14,A,A,A,A,A,A
2017-12-31 11:30,4,A,A,0,A,A,0
2017-12-31 11:30,5,A,A,0,A,A,0
2017-12-31 11:30,6,A,A,0,A,A,0
2017-12-31 11:30,7,A,A,0,A,U,0
2017-12-31 11:30,8,I,I,0,I,A,0
2017-12-31 11:30,9,A,A,0,I,I,0
2017-12-31 11:30,10,A,A,0,A,A,0
2017-12-31 11:30,11,A,A,A,A,A,A
2017-12-31 11:30,12,A,A,0,I,A,0
2017-12-31 11:30,14,A,A,A,A,A,A
2017-12-31 11:35,4,A,A,0,A,A,0
2017-12-31 11:35,5,A,A,0,A,A,0
2017-12-31 11:35,6,A,A,0,A,A,0
2017-12-31 11:35,7,A,A,0,A,U,0
2017-12-31 11:35,8,A,I,0,I,A,0
2017-12-31 11:35,9,I,I,0,I,I,0
2017-12-31 11:35,10,A,A,0,A,A,0
2017-12-31 11:35,11,A,A,A,A,A,A
2017-12-31 11:35,12,A,A,0,I,A,0
2017-12-31 11:35,14,A,A,A,A,A,A
2017-12-31 11:40,4,A,A,0,A,A,0
2017-12-31 11:40,5,A,A,0,A,A,0
2017-12-31 11:40,6,A,A,0,A,A,0
2017-12-31 11:40,7,A,A,0,A,U,0
2017-12-31 11:40,8,A,I,0,A,A,0
2017-12-31 11:40,9,I,I,0,I,I,0
2017-12-31 11:40,10,A,A,0,A,A,0
2017-12-31 11:40,11,A,A,A,A,A,A
2017-12-31 11:40,12,A,A,0,I,A,0
2017-12-31 11:40,14,A,A,A,A,A,A
2017-12-31 11:45,4,A,A,0,A,A,0
2017-12-31 11:45,5,A,A,0,A,A,0
2017-12-31 11:45,6,A,A,0,A,A,0
2017-12-31 11:45,7,A,A,0,A,U,0
2017-12-31 11:45,8,A,I,0,A,A,0
2017-12-31 11:45,9,I,I,0,I,I,0
2017-12-31 11:45,10,A,A,0,A,A,0
2017-12-31 11:45,11,A,A,A,A,A,A
2017-12-31 11:45,12,A,A,0,I,A,0
2017-12-31 11:45,14,A,A,A,A,A,A
2017-12-31 11:50,4,A,A,0,A,A,0
2017-12-31 11:50,5,A,A,0,A,A,0
2017-12-31 11:50,6,A,A,0,A,A,0
2017-12-31 11:50,7,A,A,0,A,U,0
2017-12-31 11:50,8,A,I,0,A,A,0
2017-12-31 11:50,9,I,I,0,I,I,0
2017-12-31 11:50,10,A,A,0,A,A,0
2017-12-31 11:50,11,A,A,A,A,A,A
2017-12-31 11:50,12,A,A,0,A,A,0
2017-12-31 11:50,14,A,A,A,A,A,A
2017-12-31 11:55,4,A,A,0,A,A,0
2017-12-31 11:55,5,A,A,0,A,A,0
2017-12-31 11:55,6,A,A,0,A,A,0
2017-12-31 11:55,7,A,A,0,A,U,0
2017-12-31 11:55,8,A,A,0,A,A,0
2017-12-31 11:55,9,I,I,0,I,I,0
2017-12-31 11:55,10,A,A,0,A,A,0
2017-12-31 11:55,11,A,A,A,A,A,A
2017-12-31 11:55,12,A,A,0,A,A,0
2017-12-31 11:55,14,A,A,A,A,A,A
2017-12-31 12:00,4,A,A,0,A,A,0
2017-12-31 12:00,5,A,A,0,A,A,0
2017-12-31 12:00,6,A,A,0,A,A,0
2017-12-31 12:00,7,A,A,0,A,U,0
2017-12-31 12:00,8,A,A,0,A,A,0
2017-12-31 12:00,9,I,I,0,I,I,0
2017-12-31 12:00,10,A,A,0,A,A,0
2017-12-31 12:00,11,A,A,A,A,A,A
2017-12-31 12:00,12,A,A,0,A,A,0
2017-12-31 12:00,14,A,A,A,A,A,A
2017-12-31 12:05,4,A,A,0,A,A,0
2017-12-31 12:05,5,A,A,0,A,A,0
2017-12-31 12:05,6,A,A,0,A,A,0
2017-12-31 12:05,7,A,A,0,A,U,0
2017-12-31 12:05,8,A,A,0,A,A,0
2017-12-31 12:05,9,I,A,0,I,I,0
2017-12-31 12:05,10,A,A,0,A,A,0
2017-12-31 12:05,11,A,A,A,A,A,A
2017-12-31 12:05,12,A,A,0,A,A,0
2017-12-31 12:05,14,A,A,A,A,A,A
2017-12-31 12:10,4,A,A,0,A,A,0
2017-12-31 12:10,5,A,A,0,A,A,0
2017-12-31 12:10,6,A,A,0,A,A,0
2017-12-31 12:10,7,A,A,0,A,U,0
2017-12-31 12:10,8,A,A,0,A,A,0
2017-12-31 12:10,9,I,A,0,I,I,0
2017-12-31 12:10,10,A,A,0,A,A,0
2017-12-31 12:10,11,A,A,A,A,A,A
2017-12-31 12:10,12,A,A,0,A,A,0
2017-12-31 12:10,14,A,A,A,A,A,A
2017-12-31 12:15,4,A,A,0,A,A,0
2017-12-31 12:15,5,A,A,0,A,A,0
2017-12-31 12:15,6,A,A,0,A,A,0
2017-12-31 12:15,7,A,A,0,A,U,0
2017-12-31 12:15,8,A,A,0,A,A,0
2017-12-31 12:15,9,A,A,0,I,I,0
2017-12-31 12:15,10,A,A,0,A,A,0
2017-12-31 12:15,11,A,A,A,A,A,A
2017-12-31 12:15,12,A,A,0,A,A,0
2017-12-31 12:15,14,A,A,A,A,A,A
2017-12-31 12:20,4,A,A,0,A,A,0
2017-12-31 12:20,5,A,A,0,A,A,0
2017-12-31 12:20,6,A,A,0,A,A,0
2017-12-31 12:20,7,I,I,0,A,U,0
2017-12-31 12:20,8,A,A,0,I,I,0
2017-12-31 12:20,9,A,A,0,A,I,0
2017-12-31 12:20,10,A,A,0,A,A,0
2017-12-31 12:20,11,A,A,A,A,A,A
2017-12-31 12:20,12,A,A,0,A,A,0
2017-12-31 12:20,14,A,A,A,A,A,A
2017-12-31 12:25,4,A,A,0,A,A,0
2017-12-31 12:25,5,A,A,0,A,A,0
2017-12-31 12:25,6,A,A,0,A,A,0
2017-12-31 12:25,7,I,I,0,A,U,0
2017-12-31 12:25,8,A,A,0,I,I,0
2017-12-31 12:25,9,A,I,0,A,I,0
2017-12-31 12:25,10,A,A,0,A,A,0
2017-12-31 12:25,11,A,A,A,A,A,A
2017-12-31 12:25,12,A,A,0,A,A,0
2017-12-31 12:25,14,A,A,A,A,A,A
2017-12-31 12:30,4,A,A,0,A,A,0
2017-12-31 12:30,5,A,A,0,A,A,0
2017-12-31 12:30,6,A,A,0,A,A,0
2017-12-31 12:30,7,I,I,0,A,U,0
2017-12-31 12:30,8,A,A,0,I,I,0
2017-12-31 12:30,9,A,I,0,A,I,0
2017-12-31 12:30,10,A,A,0,A,A,0
2017-12-31 12:30,11,A,A,A,A,A,A
2017-12-31 12:30,12,A,A,0,A,A,0
2017-12-31 12:30,14,A,A,A,A,A,A
2017-12-31 12:35,4,A,A,0,A,A,0
2017-12-31 12:35,5,A,A,0,A,A,0
2017-12-31 12:35,6,A,A,0,A,A,0
2017-12-31 12:35,7,I,I,0,A,U,0
2017-12-31 12:35,8,A,A,0,I,I,0
2017-12-31 12:35,9,A,I,0,I,I,0
2017-12-31 12:35,10,A,A,0,A,A,0
2017-12-31 12:35,11,A,A,A,A,A,A
2017-12-31 12:35,12,A,A,0,A,A,0
2017-12-31 12:35,14,A,A,A,A,A,A
2017-12-31 12:40,4,A,A,0,A,A,0
2017-12-31 12:40,5,A,A,0,A,A,0
2017-12-31 12:40,6,A,A,0,A,A,0
2017-12-31 12:40,7,I,I,0,A,U,0
2017-12-31 12:40,8,A,A,0,I,I,0
2017-12-31 12:40,9,A,I,0,I,I,0
2017-12-31 12:40,10,A,A,0,A,A,0
2017-12-31 12:40,11,A,A,A,A,A,A
2017-12-31 12:40,12,A,A,0,A,A,0
2017-12-31 12:40,14,A,A,A,A,A,A
2017-12-31 12:45,4,A,A,0,A,A,0
2017-12-31 12:45,5,A,A,0,A,A,0
2017-12-31 12:45,6,A,A,0,A,A,0
2017-12-31 12:45,7,I,I,0,A,U,0
2017-12-31 12:45,8,A,A,0,I,I,0
2017-12-31 12:45,9,A,I,0,I,I,0
2017-12-31 12:45,10,A,A,0,A,A,0
2017-12-31 12:45,11,A,A,A,A,A,A
2017-12-31 12:45,12,A,A,0,A,A,0
2017-12-31 12:45,14,A,A,A,A,A,A
2017-12-31 12:50,4,A,A,0,A,A,0
2017-12-31 12:50,5,A,A,0,A,A,0
2017-12-31 12:50,6,A,A,0,A,A,0
2017-12-31 12:50,7,I,I,0,A,U,0
2017-12-31 12:50,8,A,A,0,I,I,0
2017-12-31 12:50,9,A,I,0,I,I,0
2017-12-31 12:50,10,A,A,0,A,A,0
2017-12-31 12:50,11,A,A,A,A,A,A
2017-12-31 12:50,12,A,A,0,A,A,0
2017-12-31 12:50,14,A,A,A,A,A,A
2017-12-31 12:55,4,A,A,0,A,A,0
2017-12-31 12:55,5,A,A,0,A,A,0
2017-12-31 12:55,6,A,A,0,A,A,0
2017-12-31 12:55,7,I,I,0,A,U,0
2017-12-31 12:55,8,A,A,0,I,I,0
2017-12-31 12:55,9,A,I,0,I,I,0
2017-12-31 12:55,10,A,A,0,A,A,0
2017-12-31 12:55,11,A,A,A,A,A,A
2017-12-31 12:55,12,A,A,0,A,A,0
2017-12-31 12:55,14,A,A,A,A,A,A
2017-12-31 13:00,4,A,A,0,A,A,0
2017-12-31 13:00,5,A,A,0,A,A,0
2017-12-31 13:00,6,A,A,0,A,A,0
2017-12-31 13:00,7,A,A,0,A,U,0
2017-12-31 13:00,8,A,A,0,I,I,0
2017-12-31 13:00,9,A,I,0,I,I,0
2017-12-31 13:00,10,A,A,0,A,A,0
2017-12-31 13:00,11,A,A,A,A,A,A
2017-12-31 13:00,12,A,A,0,A,A,0
2017-12-31 13:00,14,A,A,A,A,A,A
2017-12-31 13:05,4,A,A,0,A,A,0
2017-12-31 13:05,5,A,A,0,A,A,0
2017-12-31 13:05,6,A,A,0,A,A,0
2017-12-31 13:05,7,A,A,0,A,U,0
2017-12-31 13:05,8,A,A,0,I,I,0
2017-12-31 13:05,9,A,A,0,I,I,0
2017-12-31 13:05,10,A,A,0,A,A,0
2017-12-31 13:05,11,A,A,A,A,A,A
2017-12-31 13:05,12,A,A,0,A,A,0
2017-12-31 13:05,14,A,A,A,A,A,A
2017-12-31 13:10,4,A,A,0,A,A,0
2017-12-31 13:10,5,A,A,0,A,A,0
2017-12-31 13:10,6,A,A,0,I,I,0
2017-12-31 13:10,7,A,A,0,A,U,0
2017-12-31 13:10,8,A,A,0,I,I,0
2017-12-31 13:10,9,A,A,0,I,I,0
2017-12-31 13:10,10,A,A,0,A,A,0
2017-12-31 13:10,11,A,A,A,A,A,A
2017-12-31 13:10,12,A,A,0,A,A,0
2017-12-31 13:10,14,A,A,A,A,A,A
2017-12-31 13:15,4,A,A,0,A,A,0
2017-12-31 13:15,5,A,A,0,A,A,0
2017-12-31 13:15,6,A,A,0,I,I,0
2017-12-31 13:15,7,A,A,0,A,U,0
2017-12-31 13:15,8,A,A,0,A,A,0
2017-12-31 13:15,9,A,A,0,I,I,0
2017-12-31 13:15,10,A,A,0,A,A,0
2017-12-31 13:15,11,A,A,A,A,A,A
2017-12-31 13:15,12,A,A,0,A,A,0
2017-12-31 13:15,14,A,A,A,A,A,A
2017-12-31 13:20,4,A,A,0,A,A,0
2017-12-31 13:20,5,A,A,0,A,A,0
2017-12-31 13:20,6,A,A,0,I,I,0
2017-12-31 13:20,7,A,A,0,A,U,0
2017-12-31 13:20,8,A,A,0,A,A,0
2017-12-31 13:20,9,A,A,0,I,A,0
2017-12-31 13:20,10,A,A,0,A,A,0
2017-12-31 13:20,11,A,A,A,A,A,A
2017-12-31 13:20,12,A,A,0,A,A,0
2017-12-31 13:20,14,A,A,A,A,A,A
2017-12-31 13:25,4,A,A,0,A,A,0
2017-12-31 13:25,5,A,A,0,A,A,0
2017-12-31 13:25,6,A,A,0,I,I,0
2017-12-31 13:25,7,A,A,0,A,U,0
2017-12-31 13:25,8,A,A,0,A,A,0
2017-12-31 13:25,9,A,A,0,I,I,0
2017-12-31 13:25,10,A,A,0,A,A,0
2017-12-31 13:25,11,A,A,A,A,A,A
2017-12-31 13:25,12,A,A,0,A,A,0
2017-12-31 13:25,14,A,A,A,A,A,A
2017-12-31 13:30,4,A,A,0,A,A,0
2017-12-31 13:30,5,A,A,0,A,A,0
2017-12-31 13:30,6,A,A,0,I,I,0
2017-12-31 13:30,7,A,A,0,A,U,0
2017-12-31 13:30,8,A,A,0,A,A,0
2017-12-31 13:30,9,A,A,0,I,I,0
2017-12-31 13:30,10,A,A,0,A,A,0
2017-12-31 13:30,11,A,A,A,A,A,A
2017-12-31 13:30,12,A,A,0,A,A,0
2017-12-31 13:30,14,A,A,A,A,A,A
2017-12-31 13:35,4,A,A,0,A,A,0
2017-12-31 13:35,5,A,A,0,A,A,0
2017-12-31 13:35,6,A,A,0,I,I,0
2017-12-31 13:35,7,I,I,0,A,U,0
2017-12-31 13:35,8,A,A,0,A,I,0
2017-12-31 13:35,9,A,A,0,I,I,0
2017-12-31 13:35,10,I,I,0,A,A,0
2017-12-31 13:35,11,A,A,A,A,A,A
2017-12-31 13:35,12,A,A,0,A,A,0
2017-12-31 13:35,14,A,A,A,A,A,A
2017-12-31 13:40,4,A,A,0,A,A,0
2017-12-31 13:40,5,A,A,0,A,A,0
2017-12-31 13:40,6,A,A,0,I,I,0
2017-12-31 13:40,7,I,I,0,A,U,0
2017-12-31 13:40,8,A,A,0,A,I,0
2017-12-31 13:40,9,A,A,0,I,I,0
2017-12-31 13:40,10,I,I,0,A,A,0
2017-12-31 13:40,11,A,A,A,A,A,A
2017-12-31 13:40,12,A,A,0,A,A,0
2017-12-31 13:40,14,A,A,A,A,A,A
2017-12-31 13:45,4,A,I,0,A,A,0
2017-12-31 13:45,5,A,A,0,A,A,0
2017-12-31 13:45,6,A,A,0,I,I,0
2017-12-31 13:45,7,I,I,0,A,U,0
2017-12-31 13:45,8,A,A,0,A,I,0
2017-12-31 13:45,9,A,A,0,I,I,0
2017-12-31 13:45,10,I,I,0,A,A,0
2017-12-31 13:45,11,A,A,A,A,A,A
2017-12-31 13:45,12,A,A,0,A,A,0
2017-12-31 13:45,14,A,A,A,A,A,A
2017-12-31 13:50,4,A,I,0,A,A,0
2017-12-31 13:50,5,A,A,0,A,A,0
2017-12-31 13:50,6,A,A,0,I,I,0
2017-12-31 13:50,7,I,I,0,A,U,0
2017-12-31 13:50,8,A,A,0,A,I,0
2017-12-31 13:50,9,A,A,0,I,I,0
2017-12-31 13:50,10,I,I,0,A,A,0
2017-12-31 13:50,11,A,A,A,A,A,A
2017-12-31 13:50,12,A,A,0,A,A,0
2017-12-31 13:50,14,A,A,A,A,A,A
2017-12-31 13:55,4,A,I,0,A,A,0
2017-12-31 13:55,5,A,A,0,A,A,0
2017-12-31 13:55,6,A,A,0,I,I,0
2017-12-31 13:55,7,I,I,0,A,U,0
2017-12-31 13:55,8,A,A,0,A,I,0
2017-12-31 13:55,9,A,A,0,I,I,0
2017-12-31 13:55,10,I,I,0,A,A,0
2017-12-31 13:55,11,A,A,A,A,A,A
2017-12-31 13:55,12,A,A,0,A,A,0
2017-12-31 13:55,14,A,A,A,A,A,A
2017-12-31 14:00,4,A,I,0,A,A,0
2017-12-31 14:00,5,A,A,0,A,A,0
2017-12-31 14:00,6,A,A,0,I,I,0
2017-12-31 14:00,7,I,I,0,A,U,0
2017-12-31 14:00,8,A,A,0,A,I,0
2017-12-31 14:00,9,A,A,0,I,I,0
2017-12-31 14:00,10,I,I,0,A,A,0
2017-12-31 14:00,11,A,A,A,A,A,A
2017-12-31 14:00,12,A,A,0,A,A,0
2017-12-31 14:00,14,A,A,A,A,A,A
2017-12-31 14:05,4,A,I,0,A,A,0
2017-12-31 14:05,5,I,I,0,A,A,0
2017-12-31 14:05,6,A,A,0,A,A,0
2017-12-31 14:05,7,I,I,0,A,U,0
2017-12-31 14:05,8,A,A,0,A,I,0
2017-12-31 14:05,9,A,A,0,I,I,0
2017-12-31 14:05,10,I,I,0,A,A,0
2017-12-31 14:05,11,A,A,A,A,A,A
2017-12-31 14:05,12,A,A,0,A,A,0
2017-12-31 14:05,14,A,A,A,A,A,A
2017-12-31 14:10,4,A,I,0,A,A,0
2017-12-31 14:10,5,I,I,0,A,A,0
2017-12-31 14:10,6,A,A,0,A,A,0
2017-12-31 14:10,7,I,I,0,A,U,0
2017-12-31 14:10,8,A,A,0,A,I,0
2017-12-31 14:10,9,A,A,0,I,I,0
2017-12-31 14:10,10,I,I,0,A,A,0
2017-12-31 14:10,11,A,A,A,A,A,A
2017-12-31 14:10,12,A,A,0,A,A,0
2017-12-31 14:10,14,A,A,A,A,A,A
2017-12-31 14:15,4,A,I,0,A,A,0
2017-12-31 14:15,5,I,I,0,A,A,0
2017-12-31 14:15,6,A,A,0,A,A,0
2017-12-31 14:15,7,I,I,0,A,U,0
2017-12-31 14:15,8,A,A,0,A,I,0
2017-12-31 14:15,9,A,A,0,I,I,0
2017-12-31 14:15,10,I,I,0,A,A,0
2017-12-31 14:15,11,A,A,A,A,A,A
2017-12-31 14:15,12,A,A,0,A,A,0
2017-12-31 14:15,14,A,A,A,A,A,A
2017-12-31 14:20,4,A,I,0,A,A,0
2017-12-31 14:20,5,I,I,0,A,A,0
2017-12-31 14:20,6,A,I,0,A,A,0
2017-12-31 14:20,7,A,A,0,A,U,0
2017-12-31 14:20,8,A,A,0,A,I,0
2017-12-31 14:20,9,A,A,0,A,I,0
2017-12-31 14:20,10,A,A,0,A,A,0
2017-12-31 14:20,11,A,A,A,A,A,A
2017-12-31 14:20,12,A,A,0,A,A,0
2017-12-31 14:20,14,A,A,A,A,I,A
2017-12-31 14:25,4,A,I,0,A,A,0
2017-12-31 14:25,5,I,I,0,A,A,0
2017-12-31 14:25,6,I,I,0,A,A,0
2017-12-31 14:25,7,A,A,0,A,U,0
2017-12-31 14:25,8,A,A,0,A,I,0
2017-12-31 14:25,9,A,A,0,A,I,0
2017-12-31 14:25,10,A,A,0,I,A,0
2017-12-31 14:25,11,A,A,A,A,A,A
2017-12-31 14:25,12,A,A,0,A,A,0
2017-12-31 14:25,14,A,A,A,A,I,A
2017-12-31 14:30,4,A,A,0,A,A,0
2017-12-31 14:30,5,I,I,0,A,A,0
2017-12-31 14:30,6,I,I,0,A,A,0
2017-12-31 14:30,7,A,A,0,A,U,0
2017-12-31 14:30,8,A,A,0,A,A,0
2017-12-31 14:30,9,A,A,0,A,I,0
2017-12-31 14:30,10,A,A,0,I,A,0
2017-12-31 14:30,11,A,A,A,A,A,A
2017-12-31 14:30,12,A,A,0,A,A,0
2017-12-31 14:30,14,A,A,A,A,I,A
2017-12-31 14:35,4,A,A,0,A,A,0
2017-12-31 14:35,5,I,I,0,A,A,0
2017-12-31 14:35,6,I,I,0,A,A,0
2017-12-31 14:35,7,A,A,0,A,U,0
2017-12-31 14:35,8,A,A,0,A,A,0
2017-12-31 14:35,9,A,A,0,A,I,0
2017-12-31 14:35,10,A,A,0,I,A,0
2017-12-31 14:35,11,A,A,A,A,A,A
2017-12-31 14:35,12,A,A,0,A,A,0
2017-12-31 14:35,14,A,A,A,A,I,A
2017-12-31 14:40,4,A,A,0,A,I,0
2017-12-31 14:40,5,I,I,0,A,A,0
2017-12-31 14:40,6,I,I,0,A,A,0
2017-12-31 14:40,7,A,A,0,A,U,0
2017-12-31 14:40,8,A,A,0,A,A,0
2017-12-31 14:40,9,A,A,0,I,I,0
2017-12-31 14:40,10,A,A,0,I,A,0
2017-12-31 14:40,11,A,A,A,A,A,A
2017-12-31 14:40,12,A,A,0,A,A,0
2017-12-31 14:40,14,A,A,A,A,I,A
2017-12-31 14:45,4,A,A,0,A,I,0
2017-12-31 14:45,5,I,I,0,A,A,0
2017-12-31 14:45,6,I,I,0,A,A,0
2017-12-31 14:45,7,A,A,0,A,U,0
2017-12-31 14:45,8,A,A,0,A,A,0
2017-12-31 14:45,9,I,I,0,I,I,0
2017-12-31 14:45,10,A,A,0,I,A,0
2017-12-31 14:45,11,A,A,A,A,A,A
2017-12-31 14:45,12,A,A,0,A,A,0
2017-12-31 14:45,14,A,A,A,A,I,A
2017-12-31 14:50,4,A,A,0,A,I,0
2017-12-31 14:50,5,I,A,0,A,A,0
2017-12-31 14:50,6,I,I,0,A,A,0
2017-12-31 14:50,7,A,A,0,A,U,0
2017-12-31 14:50,8,A,A,0,A,A,0
2017-12-31 14:50,9,I,I,0,I,I,0
2017-12-31 14:50,10,A,A,0,I,A,0
2017-12-31 14:50,11,A,A,A,A,A,A
2017-12-31 14:50,12,A,A,0,A,A,0
2017-12-31 14:50,14,A,A,A,A,I,A
2017-12-31 14:55,4,A,A,0,A,I,0
2017-12-31 14:55,5,A,A,0,A,A,0
2017-12-31 14:55,6,I,I,0,A,A,0
2017-12-31 14:55,7,I,A,0,A,U,0
2017-12-31 14:55,8,A,A,0,A,A,0
2017-12-31 14:55,9,I,I,0,I,I,0
2017-12-31 14:55,10,A,A,0,I,A,0
2017-12-31 14:55,11,A,A,A,A,A,A
2017-12-31 14:55,12,A,A,0,A,A,0
2017-12-31 14:55,14,A,A,A,A,I,A
2017-12-31 15:00,4,A,A,0,A,I,0
2017-12-31 15:00,5,A,A,0,I,I,0
2017-12-31 15:00,6,I,A,0,A,A,0
2017-12-31 15:00,7,I,A,0,A,U,0
2017-12-31 15:00,8,A,A,0,A,A,0
2017-12-31 15:00,9,I,I,0,I,I,0
2017-12-31 15:00,10,A,A,0,I,A,0
2017-12-31 15:00,11,A,A,A,A,A,A
2017-12-31 15:00,12,A,A,0,A,A,0
2017-12-31 15:00,14,A,A,A,A,I,A
2017-12-31 15:05,4,A,A,0,A,I,0
2017-12-31 15:05,5,A,A,0,I,I,0
2017-12-31 15:05,6,I,A,0,A,I,0
2017-12-31 15:05,7,I,A,0,A,U,0
2017-12-31 15:05,8,A,A,0,A,A,0
2017-12-31 15:05,9,I,I,0,I,I,0
2017-12-31 15:05,10,A,A,0,I,A,0
2017-12-31 15:05,11,A,A,A,A,A,A
2017-12-31 15:05,12,A,A,0,A,A,0
2017-12-31 15:05,14,A,A,A,A,I,A
2017-12-31 15:10,4,A,A,0,A,I,0
2017-12-31 15:10,5,A,A,0,I,I,0
2017-12-31 15:10,6,A,A,0,A,I,0
2017-12-31 15:10,7,I,A,0,A,U,0
2017-12-31 15:10,8,A,A,0,A,A,0
2017-12-31 15:10,9,I,I,0,I,I,0
2017-12-31 15:10,10,A,A,0,I,A,0
2017-12-31 15:10,11,A,A,A,A,A,A
2017-12-31 15:10,12,A,A,0,A,A,0
2017-12-31 15:10,14,A,A,A,A,I,A
2017-12-31 15:15,4,A,A,0,A,I,0
2017-12-31 15:15,5,A,A,0,I,I,0
2017-12-31 15:15,6,A,A,0,I,I,0
2017-12-31 15:15,7,I,A,0,A,U,0
2017-12-31 15:15,8,A,A,0,A,A,0
2017-12-31 15:15,9,I,I,0,I,I,0
2017-12-31 15:15,10,A,A,0,I,A,0
2017-12-31 15:15,11,A,A,A,A,A,A
2017-12-31 15:15,12,A,A,0,A,A,0
2017-12-31 15:15,14,A,A,A,A,I,A
2017-12-31 15:20,4,A,A,0,A,I,0
2017-12-31 15:20,5,A,A,0,I,I,0
2017-12-31 15:20,6,A,A,0,I,I,0
2017-12-31 15:20,7,I,A,0,A,U,0
2017-12-31 15:20,8,A,A,0,A,A,0
2017-12-31 15:20,9,I,A,0,I,I,0
2017-12-31 15:20,10,A,A,0,A,A,0
2017-12-31 15:20,11,A,A,A,A,A,A
2017-12-31 15:20,12,A,A,0,A,A,0
2017-12-31 15:20,14,A,A,A,A,A,A
2017-12-31 15:25,4,A,A,0,A,I,0
2017-12-31 15:25,5,A,A,0,I,I,0
2017-12-31 15:25,6,A,A,0,I,I,0
2017-12-31 15:25,7,I,A,0,A,U,0
2017-12-31 15:25,8,A,A,0,A,A,0
2017-12-31 15:25,9,I,A,0,I,I,0
2017-12-31 15:25,10,A,A,0,A,A,0
2017-12-31 15:25,11,A,A,A,A,A,A
2017-12-31 15:25,12,A,A,0,A,A,0
2017-12-31 15:25,14,A,A,A,A,A,A
2017-12-31 15:30,4,A,A,0,A,I,0
2017-12-31 15:30,5,A,A,0,I,I,0
2017-12-31 15:30,6,A,A,0,I,I,0
2017-12-31 15:30,7,I,A,0,A,U,0
2017-12-31 15:30,8,A,A,0,A,A,0
2017-12-31 15:30,9,A,A,0,I,I,0
2017-12-31 15:30,10,A,A,0,A,A,0
2017-12-31 15:30,11,A,A,A,A,A,A
2017-12-31 15:30,12,A,A,0,A,A,0
2017-12-31 15:30,14,A,A,A,A,A,A
2017-12-31 15:35,4,A,A,0,A,A,0
2017-12-31 15:35,5,A,A,0,I,I,0
2017-12-31 15:35,6,A,A,0,I,I,0
2017-12-31 15:35,7,I,A,0,A,U,0
2017-12-31 15:35,8,A,A,0,A,A,0
2017-12-31 15:35,9,A,A,0,I,I,0
2017-12-31 15:35,10,A,A,0,A,A,0
2017-12-31 15:35,11,A,A,A,A,A,A
2017-12-31 15:35,12,A,A,0,A,A,0
2017-12-31 15:35,14,A,A,A,A,A,A
2017-12-31 15:40,4,A,A,0,A,A,0
2017-12-31 15:40,5,A,A,0,I,I,0
2017-12-31 15:40,6,A,A,0,I,I,0
2017-12-31 15:40,7,A,A,0,A,U,0
2017-12-31 15:40,8,A,A,0,A,A,0
2017-12-31 15:40,9,A,A,0,I,I,0
2017-12-31 15:40,10,A,A,0,A,A,0
2017-12-31 15:40,11,A,A,A,A,A,A
2017-12-31 15:40,12,A,A,0,A,A,0
2017-12-31 15:40,14,A,A,A,A,A,A
2017-12-31 15:45,4,A,A,0,A,A,0
2017-12-31 15:45,5,A,A,0,I,I,0
2017-12-31 15:45,6,A,A,0,I,I,0
2017-12-31 15:45,7,A,A,0,A,U,0
2017-12-31 15:45,8,A,A,0,A,A,0
2017-12-31 15:45,9,A,A,0,I,I,0
2017-12-31 15:45,10,A,A,0,A,A,0
2017-12-31 15:45,11,A,A,A,A,A,A
2017-12-31 15:45,12,A,A,0,A,A,0
2017-12-31 15:45,14,A,A,A,A,A,A
2017-12-31 15:50,4,A,A,0,A,A,0
2017-12-31 15:50,5,A,A,0,I,I,0
2017-12-31 15:50,6,A,A,0,I,I,0
2017-12-31 15:50,7,A,A,0,A,U,0
2017-12-31 15:50,8,A,A,0,A,A,0
2017-12-31 15:50,9,A,A,0,I,I,0
2017-12-31 15:50,10,A,A,0,A,A,0
2017-12-31 15:50,11,A,A,A,A,A,A
2017-12-31 15:50,12,A,I,0,A,A,0
2017-12-31 15:50,14,A,A,A,A,A,A
2017-12-31 15:55,4,A,A,0,A,A,0
2017-12-31 15:55,5,A,A,0,A,A,0
2017-12-31 15:55,6,A,A,0,I,I,0
2017-12-31 15:55,7,A,A,0,A,U,0
2017-12-31 15:55,8,A,A,0,A,A,0
2017-12-31 15:55,9,A,A,0,I,I,0
2017-12-31 15:55,10,A,A,0,A,A,0
2017-12-31 15:55,11,A,A,A,A,A,A
2017-12-31 15:55,12,A,I,0,A,A,0
2017-12-31 15:55,14,A,A,A,A,A,A
2017-12-31 16:00,4,A,A,0,A,A,0
2017-12-31 16:00,5,A,A,0,A,A,0
2017-12-31 16:00,6,A,A,0,A,A,0
2017-12-31 16:00,7,A,A,0,A,U,0
2017-12-31 16:00,8,A,A,0,A,A,0
2017-12-31 16:00,9,A,A,0,I,I,0
2017-12-31 16:00,10,A,A,0,A,A,0
2017-12-31 16:00,11,A,A,A,A,A,A
2017-12-31 16:00,12,A,I,0,A,A,0
2017-12-31 16:00,14,A,A,A,A,A,A
2017-12-31 16:05,4,A,A,0,A,A,0
2017-12-31 16:05,5,A,A,0,A,A,0
2017-12-31 16:05,6,A,A,0,A,A,0
2017-12-31 16:05,7,A,A,0,A,U,0
2017-12-31 16:05,8,A,A,0,A,A,0
2017-12-31 16:05,9,A,A,0,I,I,0
2017-12-31 16:05,10,A,A,0,A,A,0
2017-12-31 16:05,11,A,A,A,A,A,A
2017-12-31 16:05,12,A,I,0,A,A,0
2017-12-31 16:05,14,A,A,A,A,A,A
2017-12-31 16:10,4,A,A,0,A,A,0
2017-12-31 16:10,5,A,A,0,A,A,0
2017-12-31 16:10,6,A,A,0,A,A,0
2017-12-31 16:10,7,A,A,0,A,U,0
2017-12-31 16:10,8,A,A,0,A,A,0
2017-12-31 16:10,9,A,I,0,I,I,0
2017-12-31 16:10,10,A,A,0,A,A,0
2017-12-31 16:10,11,A,A,A,A,A,A
2017-12-31 16:10,12,A,I,0,A,A,0
2017-12-31 16:10,14,A,A,A,A,A,A
2017-12-31 16:15,4,A,A,0,A,A,0
2017-12-31 16:15,5,A,A,0,A,A,0
2017-12-31 16:15,6,A,A,0,A,A,0
2017-12-31 16:15,7,A,A,0,A,U,0
2017-12-31 16:15,8,A,A,0,A,A,0
2017-12-31 16:15,9,A,I,0,I,I,0
2017-12-31 16:15,10,A,A,0,A,A,0
2017-12-31 16:15,11,A,A,A,A,A,A
2017-12-31 16:15,12,A,I,0,A,A,0
2017-12-31 16:15,14,A,A,A,A,A,A
2017-12-31 16:20,4,A,A,0,A,A,0
2017-12-31 16:20,5,A,A,0,A,A,0
2017-12-31 16:20,6,A,A,0,A,A,0
2017-12-31 16:20,7,A,A,0,A,U,0
2017-12-31 16:20,8,A,A,0,A,A,0
2017-12-31 16:20,9,A,I,0,I,I,0
2017-12-31 16:20,10,A,A,0,A,A,0
2017-12-31 16:20,11,A,A,A,A,A,A
2017-12-31 16:20,12,A,I,0,A,A,0
2017-12-31 16:20,14,A,A,A,A,A,A
2017-12-31 16:25,4,A,A,0,A,A,0
2017-12-31 16:25,5,A,A,0,A,A,0
2017-12-31 16:25,6,A,A,0,A,A,0
2017-12-31 16:25,7,A,A,0,A,U,0
2017-12-31 16:25,8,A,A,0,A,A,0
2017-12-31 16:25,9,A,I,0,A,A,0
2017-12-31 16:25,10,A,A,0,A,A,0
2017-12-31 16:25,11,A,A,A,A,A,A
2017-12-31 16:25,12,A,I,0,A,A,0
2017-12-31 16:25,14,A,A,A,A,A,A
2017-12-31 16:30,4,A,A,0,A,A,0
2017-12-31 16:30,5,A,A,0,A,A,0
2017-12-31 16:30,6,A,A,0,A,A,0
2017-12-31 16:30,7,A,A,0,A,U,0
2017-12-31 16:30,8,A,A,0,A,A,0
2017-12-31 16:30,9,A,I,0,I,I,0
2017-12-31 16:30,10,A,A,0,A,A,0
2017-12-31 16:30,11,A,A,A,A,A,A
2017-12-31 16:30,12,A,I,0,A,A,0
2017-12-31 16:30,14,A,A,A,A,A,A
2017-12-31 16:35,4,A,A,0,A,A,0
2017-12-31 16:35,5,A,A,0,A,A,0
2017-12-31 16:35,6,A,A,0,A,A,0
2017-12-31 16:35,7,A,A,0,A,U,0
2017-12-31 16:35,8,A,A,0,A,A,0
2017-12-31 16:35,9,A,I,0,I,I,0
2017-12-31 16:35,10,A,A,0,A,A,0
2017-12-31 16:35,11,A,A,A,A,A,A
2017-12-31 16:35,12,A,A,0,A,A,0
2017-12-31 16:35,14,A,A,A,A,A,A
2017-12-31 16:40,4,A,A,0,A,A,0
2017-12-31 16:40,5,A,A,0,A,A,0
2017-12-31 16:40,6,A,A,0,A,A,0
2017-12-31 16:40,7,A,A,0,A,U,0
2017-12-31 16:40,8,A,A,0,A,A,0
2017-12-31 16:40,9,A,I,0,I,I,0
2017-12-31 16:40,10,A,A,0,A,A,0
2017-12-31 16:40,11,A,A,A,A,A,A
2017-12-31 16:40,12,A,A,0,A,A,0
2017-12-31 16:40,14,A,A,A,A,A,A
2017-12-31 16:45,4,A,A,0,A,A,0
2017-12-31 16:45,5,A,A,0,A,A,0
2017-12-31 16:45,6,A,A,0,A,A,0
2017-12-31 16:45,7,A,A,0,A,U,0
2017-12-31 16:45,8,A,A,0,A,A,0
2017-12-31 16:45,9,A,A,0,I,I,0
2017-12-31 16:45,10,A,A,0,A,A,0
2017-12-31 16:45,11,A,A,A,A,A,A
2017-12-31 16:45,12,A,A,0,A,A,0
2017-12-31 16:45,14,A,A,I,A,A,A
2017-12-31 16:50,4,A,A,0,A,A,0
2017-12-31 16:50,5,A,A,0,A,A,0
2017-12-31 16:50,6,A,A,0,A,A,0
2017-12-31 16:50,7,A,A,0,A,U,0
2017-12-31 16:50,8,A,A,0,A,A,0
2017-12-31 16:50,9,A,A,0,I,I,0
2017-12-31 16:50,10,A,A,0,A,A,0
2017-12-31 16:50,11,A,A,A,A,A,A
2017-12-31 16:50,12,A,A,0,A,A,0
2017-12-31 16:50,14,A,A,I,A,A,A
2017-12-31 16:55,4,A,A,0,A,A,0
2017-12-31 16:55,5,A,A,0,A,A,0
2017-12-31 16:55,6,A,A,0,A,A,0
2017-12-31 16:55,7,A,A,0,A,U,0
2017-12-31 16:55,8,A,A,0,A,A,0
2017-12-31 16:55,9,A,A,0,I,I,0
2017-12-31 16:55,10,A,A,0,A,A,0
2017-12-31 16:55,11,A,A,A,A,A,A
2017-12-31 16:55,12,A,A,0,A,A,0
2017-12-31 16:55,14,A,A,I,A,A,A
2017-12-31 17:00,4,A,A,0,A,A,0
2017-12-31 17:00,5,A,A,0,A,A,0
2017-12-31 17:00,6,A,A,0,A,A,0
2017-12-31 17:00,7,A,A,0,A,U,0
2017-12-31 17:00,8,A,A,0,A,A,0
2017-12-31 17:00,9,A,A,0,I,I,0
2017-12-31 17:00,10,A,A,0,A,A,0
2017-12-31 17:00,11,A,A,A,A,A,A
2017-12-31 17:00,12,A,A,0,A,I,0
2017-12-31 17:00,14,A,A,I,A,A,A
2017-12-31 17:05,4,A,A,0,A,A,0
2017-12-31 17:05,5,A,A,0,A,A,0
2017-12-31 17:05,6,A,A,0,A,A,0
2017-12-31 17:05,7,A,A,0,A,U,0
2017-12-31 17:05,8,A,A,0,A,A,0
2017-12-31 17:05,9,A,A,0,I,I,0
2017-12-31 17:05,10,A,A,0,A,A,0
2017-12-31 17:05,11,A,A,A,A,A,A
2017-12-31 17:05,12,A,A,0,A,I,0
2017-12-31 17:05,14,A,A,I,A,A,A
2017-12-31 17:10,4,A,A,0,A,A,0
2017-12-31 17:10,5,A,A,0,A,A,0
2017-12-31 17:10,6,A,A,0,A,A,0
2017-12-31 17:10,7,A,A,0,A,U,0
2017-12-31 17:10,8,A,A,0,A,A,0
2017-12-31 17:10,9,A,A,0,I,I,0
2017-12-31 17:10,10,A,A,0,A,A,0
2017-12-31 17:10,11,A,A,A,A,A,A
2017-12-31 17:10,12,A,A,0,A,I,0
2017-12-31 17:10,14,A,A,I,A,A,A
2017-12-31 17:15,4,A,A,0,A,A,0
2017-12-31 17:15,5,A,A,0,A,A,0
2017-12-31 17:15,6,A,A,0,A,A,0
2017-12-31 17:15,7,A,A,0,A,U,0
2017-12-31 17:15,8,A,A,0,A,A,0
2017-12-31 17:15,9,A,A,0,I,I,0
2017-12-31 17:15,10,A,A,0,A,A,0
2017-12-31 17:15,11,I,I,I,A,A,A
2017-12-31 17:15,12,A,A,0,A,I,0
2017-12-31 17:15,14,A,A,I,A,A,A
2017-12-31 17:20,4,A,A,0,A,A,0
2017-12-31 17:20,5,A,A,0,A,A,0
2017-12-31 17:20,6,A,A,0,A,A,0
2017-12-31 17:20,7,A,A,0,A,U,0
2017-12-31 17:20,8,A,A,0,A,A,0
2017-12-31 17:20,9,A,A,0,I,I,0
2017-12-31 17:20,10,A,A,0,A,A,0
2017-12-31 17:20,11,I,I,I,A,A,A
2017-12-31 17:20,12,A,A,0,A,I,0
2017-12-31 17:20,14,A,A,A,A,A,A
2017-12-31 17:25,4,A,A,0,A,A,0
2017-12-31 17:25,5,A,A,0,A,A,0
2017-12-31 17:25,6,A,A,0,A,A,0
2017-12-31 17:25,7,A,A,0,A,U,0
2017-12-31 17:25,8,A,A,0,A,A,0
2017-12-31 17:25,9,A,A,0,I,I,0
2017-12-31 17:25,10,A,A,0,A,A,0
2017-12-31 17:25,11,I,I,I,A,A,A
2017-12-31 17:25,12,A,A,0,A,I,0
2017-12-31 17:25,14,A,A,A,A,A,A
2017-12-31 17:30,4,A,A,0,A,A,0
2017-12-31 17:30,5,A,A,0,A,A,0
2017-12-31 17:30,6,A,A,0,A,A,0
2017-12-31 17:30,7,A,A,0,A,U,0
2017-12-31 17:30,8,A,A,0,A,A,0
2017-12-31 17:30,9,A,A,0,I,I,0
2017-12-31 17:30,10,A,A,0,A,A,0
2017-12-31 17:30,11,I,I,I,A,A,A
2017-12-31 17:30,12,A,A,0,A,I,0
2017-12-31 17:30,14,A,A,A,A,A,A
2017-12-31 17:35,4,A,A,0,A,A,0
2017-12-31 17:35,5,A,A,0,A,A,0
2017-12-31 17:35,6,A,A,0,A,A,0
2017-12-31 17:35,7,A,A,0,A,U,0
2017-12-31 17:35,8,A,A,0,A,A,0
2017-12-31 17:35,9,A,A,0,I,I,0
2017-12-31 17:35,10,A,A,0,A,A,0
2017-12-31 17:35,11,I,I,I,A,A,A
2017-12-31 17:35,12,A,A,0,A,I,0
2017-12-31 17:35,14,A,A,A,A,A,A
2017-12-31 17:40,4,A,A,0,A,A,0
2017-12-31 17:40,5,A,A,0,A,A,0
2017-12-31 17:40,6,A,A,0,A,A,0
2017-12-31 17:40,7,A,A,0,A,U,0
2017-12-31 17:40,8,A,A,0,A,A,0
2017-12-31 17:40,9,A,A,0,I,I,0
2017-12-31 17:40,10,A,A,0,A,A,0
2017-12-31 17:40,11,I,I,I,A,A,A
2017-12-31 17:40,12,A,A,0,A,I,0
2017-12-31 17:40,14,A,A,A,A,A,A
2017-12-31 17:45,4,A,A,0,A,A,0
2017-12-31 17:45,5,A,A,0,A,A,0
2017-12-31 17:45,6,A,A,0,A,A,0
2017-12-31 17:45,7,A,A,0,A,U,0
2017-12-31 17:45,8,A,A,0,A,A,0
2017-12-31 17:45,9,A,A,0,I,I,0
2017-12-31 17:45,10,A,A,0,A,A,0
2017-12-31 17:45,11,I,I,I,A,A,A
2017-12-31 17:45,12,A,A,0,A,I,0
2017-12-31 17:45,14,A,A,A,A,A,A
2017-12-31 17:50,4,A,A,0,A,A,0
2017-12-31 17:50,5,A,A,0,A,A,0
2017-12-31 17:50,6,A,A,0,A,A,0
2017-12-31 17:50,7,A,A,0,A,U,0
2017-12-31 17:50,8,A,A,0,A,A,0
2017-12-31 17:50,9,A,A,0,I,I,0
2017-12-31 17:50,10,A,A,0,A,A,0
2017-12-31 17:50,11,A,I,I,A,A,A
2017-12-31 17:50,12,A,A,0,A,I,0
2017-12-31 17:50,14,A,A,A,A,A,A
2017-12-31 17:55,4,A,A,0,A,A,0
2017-12-31 17:55,5,A,A,0,A,A,0
2017-12-31 17:55,6,A,A,0,A,A,0
2017-12-31 17:55,7,A,A,0,A,U,0
2017-12-31 17:55,8,A,A,0,A,A,0
2017-12-31 17:55,9,A,A,0,I,I,0
2017-12-31 17:55,10,A,A,0,A,A,0
2017-12-31 17:55,11,A,A,I,A,A,A
2017-12-31 17:55,12,A,A,0,A,A,0
2017-12-31 17:55,14,A,A,A,A,A,A
2017-12-31 18:00,4,A,A,0,A,A,0
2017-12-31 18:00,5,A,A,0,A,A,0
2017-12-31 18:00,6,A,A,0,A,A,0
2017-12-31 18:00,7,A,A,0,A,U,0
2017-12-31 18:00,8,A,A,0,A,A,0
2017-12-31 18:00,9,A,A,0,I,I,0
2017-12-31 18:00,10,A,A,0,A,A,0
2017-12-31 18:00,11,A,A,I,A,A,A
2017-12-31 18:00,12,A,A,0,A,A,0
2017-12-31 18:00,14,A,A,A,A,A,A
2017-12-31 18:05,4,A,A,0,A,A,0
2017-12-31 18:05,5,A,A,0,A,A,0
2017-12-31 18:05,6,A,A,0,A,A,0
2017-12-31 18:05,7,A,A,0,A,U,0
2017-12-31 18:05,8,A,A,0,A,A,0
2017-12-31 18:05,9,A,A,0,I,I,0
2017-12-31 18:05,10,A,A,0,A,A,0
2017-12-31 18:05,11,A,A,A,A,A,A
2017-12-31 18:05,12,A,A,0,A,A,0
2017-12-31 18:05,14,A,A,A,A,A,A
2017-12-31 18:10,4,A,A,0,A,A,0
2017-12-31 18:10,5,A,A,0,A,A,0
2017-12-31 18:10,6,A,A,0,A,A,0
2017-12-31 18:10,7,A,A,0,A,U,0
2017-12-31 18:10,8,A,A,0,A,A,0
2017-12-31 18:10,9,A,A,0,I,I,0
2017-12-31 18:10,10,A,A,0,A,A,0
2017-12-31 18:10,11,A,A,A,A,A,A
2017-12-31 18:10,12,A,A,0,A,A,0
2017-12-31 18:10,14,A,A,A,A,A,A
2017-12-31 18:15,4,A,A,0,A,A,0
2017-12-31 18:15,5,A,A,0,A,A,0
2017-12-31 18:15,6,A,A,0,A,A,0
2017-12-31 18:15,7,A,A,0,A,U,0
2017-12-31 18:15,8,A,A,0,A,A,0
2017-12-31 18:15,9,A,A,0,A,I,0
2017-12-31 18:15,10,A,A,0,A,A,0
2017-12-31 18:15,11,A,A,A,A,A,A
2017-12-31 18:15,12,A,A,0,A,A,0
2017-12-31 18:15,14,A,A,A,A,I,A
2017-12-31 18:20,4,A,A,0,A,A,0
2017-12-31 18:20,5,A,A,0,A,A,0
2017-12-31 18:20,6,A,A,0,A,A,0
2017-12-31 18:20,7,A,A,0,A,U,0
2017-12-31 18:20,8,A,A,0,A,A,0
2017-12-31 18:20,9,A,A,0,A,I,0
2017-12-31 18:20,10,A,A,0,A,A,0
2017-12-31 18:20,11,A,A,A,A,A,A
2017-12-31 18:20,12,A,A,0,A,A,0
2017-12-31 18:20,14,A,A,A,A,I,A
2017-12-31 18:25,4,A,A,0,A,A,0
2017-12-31 18:25,5,A,A,0,A,A,0
2017-12-31 18:25,6,A,A,0,A,A,0
2017-12-31 18:25,7,A,A,0,A,U,0
2017-12-31 18:25,8,A,A,0,A,A,0
2017-12-31 18:25,9,A,A,0,A,I,0
2017-12-31 18:25,10,A,A,0,A,A,0
2017-12-31 18:25,11,A,A,A,A,A,A
2017-12-31 18:25,12,A,A,0,A,A,0
2017-12-31 18:25,14,A,A,A,A,I,A
2017-12-31 18:30,4,A,A,0,A,A,0
2017-12-31 18:30,5,A,A,0,A,A,0
2017-12-31 18:30,6,A,A,0,A,A,0
2017-12-31 18:30,7,A,A,0,A,U,0
2017-12-31 18:30,8,A,A,0,A,A,0
2017-12-31 18:30,9,A,A,0,A,I,0
2017-12-31 18:30,10,A,A,0,A,A,0
2017-12-31 18:30,11,A,A,A,A,A,A
2017-12-31 18:30,12,A,A,0,A,A,0
2017-12-31 18:30,14,A,A,A,A,I,A
2017-12-31 18:35,4,A,A,0,A,A,0
2017-12-31 18:35,5,A,A,0,A,A,0
2017-12-31 18:35,6,A,A,0,A,A,0
2017-12-31 18:35,7,A,A,0,A,U,0
2017-12-31 18:35,8,A,A,0,A,A,0
2017-12-31 18:35,9,A,A,0,A,I,0
2017-12-31 18:35,10,A,A,0,A,A,0
2017-12-31 18:35,11,A,A,A,A,A,A
2017-12-31 18:35,12,A,A,0,A,A,0
2017-12-31 18:35,14,A,A,A,A,I,A
2017-12-31 18:40,4,A,A,0,A,A,0
2017-12-31 18:40,5,A,A,0,A,A,0
2017-12-31 18:40,6,A,A,0,A,A,0
2017-12-31 18:40,7,A,A,0,A,U,0
2017-12-31 18:40,8,A,A,0,A,A,0
2017-12-31 18:40,9,A,A,0,A,I,0
2017-12-31 18:40,10,A,A,0,A,A,0
2017-12-31 18:40,11,A,A,A,A,A,A
2017-12-31 18:40,12,A,A,0,A,A,0
2017-12-31 18:40,14,A,A,A,A,I,A
2017-12-31 18:45,4,A,A,0,A,A,0
2017-12-31 18:45,5,A,A,0,A,A,0
2017-12-31 18:45,6,A,A,0,A,A,0
2017-12-31 18:45,7,A,A,0,A,U,0
2017-12-31 18:45,8,A,A,0,A,A,0
2017-12-31 18:45,9,A,A,0,A,I,0
2017-12-31 18:45,10,A,A,0,A,A,0
2017-12-31 18:45,11,A,A,A,A,A,A
2017-12-31 18:45,12,A,A,0,A,A,0
2017-12-31 18:45,14,A,A,A,A,I,A
2017-12-31 18:50,4,A,A,0,A,A,0
2017-12-31 18:50,5,A,I,0,A,A,0
2017-12-31 18:50,6,A,A,0,A,A,0
2017-12-31 18:50,7,A,A,0,A,U,0
2017-12-31 18:50,8,A,A,0,A,A,0
2017-12-31 18:50,9,A,A,0,A,I,0
2017-12-31 18:50,10,A,A,0,A,A,0
2017-12-31 18:50,11,A,A,A,A,A,A
2017-12-31 18:50,12,A,A,0,A,A,0
2017-12-31 18:50,14,A,A,A,A,I,A
2017-12-31 18:55,4,A,A,0,A,A,0
2017-12-31 18:55,5,A,I,0,A,A,0
2017-12-31 18:55,6,A,A,0,A,A,0
2017-12-31 18:55,7,A,A,0,A,U,0
2017-12-31 18:55,8,I,I,0,A,A,0
2017-12-31 18:55,9,A,A,0,A,I,0
2017-12-31 18:55,10,A,A,0,A,A,0
2017-12-31 18:55,11,A,A,A,A,A,A
2017-12-31 18:55,12,A,A,0,A,A,0
2017-12-31 18:55,14,A,A,A,A,I,A
2017-12-31 19:00,4,A,A,0,A,A,0
2017-12-31 19:00,5,A,I,0,A,A,0
2017-12-31 19:00,6,A,A,0,A,A,0
2017-12-31 19:00,7,A,A,0,A,U,0
2017-12-31 19:00,8,I,I,0,A,A,0
2017-12-31 19:00,9,A,A,0,A,I,0
2017-12-31 19:00,10,A,A,0,A,A,0
2017-12-31 19:00,11,A,A,A,A,A,A
2017-12-31 19:00,12,A,A,0,A,A,0
2017-12-31 19:00,14,A,A,A,A,I,A
2017-12-31 19:05,4,A,A,0,A,A,0
2017-12-31 19:05,5,I,I,0,A,A,0
2017-12-31 19:05,6,A,A,0,A,A,0
2017-12-31 19:05,7,A,A,0,A,U,0
2017-12-31 19:05,8,I,I,0,A,A,0
2017-12-31 19:05,9,A,A,0,A,I,0
2017-12-31 19:05,10,A,A,0,A,A,0
2017-12-31 19:05,11,A,A,A,A,A,A
2017-12-31 19:05,12,A,A,0,A,A,0
2017-12-31 19:05,14,A,A,A,A,I,A
2017-12-31 19:10,4,A,A,0,A,A,0
2017-12-31 19:10,5,I,I,0,A,A,0
2017-12-31 19:10,6,A,A,0,A,A,0
2017-12-31 19:10,7,A,A,0,A,U,0
2017-12-31 19:10,8,I,I,0,A,A,0
2017-12-31 19:10,9,A,A,0,A,I,0
2017-12-31 19:10,10,A,A,0,A,A,0
2017-12-31 19:10,11,A,A,A,A,A,A
2017-12-31 19:10,12,A,A,0,A,A,0
2017-12-31 19:10,14,A,A,A,A,A,A
2017-12-31 19:15,4,A,A,0,A,A,0
2017-12-31 19:15,5,I,I,0,A,A,0
2017-12-31 19:15,6,A,A,0,A,A,0
2017-12-31 19:15,7,A,A,0,A,U,0
2017-12-31 19:15,8,I,I,0,A,A,0
2017-12-31 19:15,9,A,A,0,A,I,0
2017-12-31 19:15,10,A,A,0,A,A,0
2017-12-31 19:15,11,A,A,A,A,A,A
2017-12-31 19:15,12,A,A,0,A,A,0
2017-12-31 19:15,14,A,A,A,A,A,A
2017-12-31 19:20,4,A,A,0,A,A,0
2017-12-31 19:20,5,I,I,0,A,A,0
2017-12-31 19:20,6,A,A,0,A,A,0
2017-12-31 19:20,7,A,A,0,A,U,0
2017-12-31 19:20,8,I,I,0,A,A,0
2017-12-31 19:20,9,A,A,0,A,I,0
2017-12-31 19:20,10,A,A,0,A,A,0
2017-12-31 19:20,11,A,A,A,A,A,A
2017-12-31 19:20,12,A,A,0,A,A,0
2017-12-31 19:20,14,A,A,A,A,A,A
2017-12-31 19:25,4,A,A,0,A,A,0
2017-12-31 19:25,5,I,I,0,A,A,0
2017-12-31 19:25,6,A,A,0,A,A,0
2017-12-31 19:25,7,A,I,0,A,U,0
2017-12-31 19:25,8,I,I,0,A,A,0
2017-12-31 19:25,9,A,A,0,A,I,0
2017-12-31 19:25,10,A,A,0,A,A,0
2017-12-31 19:25,11,A,A,A,A,A,A
2017-12-31 19:25,12,A,A,0,A,A,0
2017-12-31 19:25,14,A,A,A,A,A,A
2017-12-31 19:30,4,A,A,0,A,A,0
2017-12-31 19:30,5,I,A,0,A,I,0
2017-12-31 19:30,6,A,A,0,A,A,0
2017-12-31 19:30,7,A,I,0,A,U,0
2017-12-31 19:30,8,I,I,0,A,A,0
2017-12-31 19:30,9,A,A,0,A,I,0
2017-12-31 19:30,10,A,A,0,A,A,0
2017-12-31 19:30,11,A,A,A,A,A,A
2017-12-31 19:30,12,A,A,0,A,A,0
2017-12-31 19:30,14,A,A,A,A,A,A
2017-12-31 19:35,4,A,A,0,A,A,0
2017-12-31 19:35,5,I,A,0,A,A,0
2017-12-31 19:35,6,A,A,0,A,A,0
2017-12-31 19:35,7,A,I,0,A,U,0
2017-12-31 19:35,8,I,I,0,A,A,0
2017-12-31 19:35,9,A,A,0,A,I,0
2017-12-31 19:35,10,A,A,0,A,A,0
2017-12-31 19:35,11,A,A,A,A,A,A
2017-12-31 19:35,12,A,A,0,A,A,0
2017-12-31 19:35,14,A,A,A,A,A,A
2017-12-31 19:40,4,A,A,0,A,A,0
2017-12-31 19:40,5,I,A,0,A,A,0
2017-12-31 19:40,6,A,A,0,A,A,0
2017-12-31 19:40,7,A,I,0,A,U,0
2017-12-31 19:40,8,A,A,0,I,I,0
2017-12-31 19:40,9,A,A,0,A,I,0
2017-12-31 19:40,10,A,A,0,A,A,0
2017-12-31 19:40,11,A,A,A,A,A,A
2017-12-31 19:40,12,A,A,0,A,A,0
2017-12-31 19:40,14,A,A,A,A,A,A
2017-12-31 19:45,4,A,A,0,A,A,0
2017-12-31 19:45,5,A,A,0,A,A,0
2017-12-31 19:45,6,A,A,0,A,A,0
2017-12-31 19:45,7,A,I,0,A,U,0
2017-12-31 19:45,8,A,A,0,I,I,0
2017-12-31 19:45,9,A,A,0,A,I,0
2017-12-31 19:45,10,A,A,0,A,A,0
2017-12-31 19:45,11,A,A,A,A,A,A
2017-12-31 19:45,12,A,A,0,A,A,0
2017-12-31 19:45,14,A,A,A,A,A,A
2017-12-31 19:50,4,A,A,0,A,A,0
2017-12-31 19:50,5,A,A,0,I,A,0
2017-12-31 19:50,6,A,A,0,A,A,0
2017-12-31 19:50,7,A,I,0,A,U,0
2017-12-31 19:50,8,A,A,0,I,I,0
2017-12-31 19:50,9,A,A,0,A,I,0
2017-12-31 19:50,10,A,A,0,A,A,0
2017-12-31 19:50,11,A,A,A,A,A,A
2017-12-31 19:50,12,A,A,0,A,A,0
2017-12-31 19:50,14,A,A,A,A,A,A
2017-12-31 19:55,4,A,A,0,A,A,0
2017-12-31 19:55,5,A,A,0,I,A,0
2017-12-31 19:55,6,A,A,0,A,A,0
2017-12-31 19:55,7,A,I,0,A,U,0
2017-12-31 19:55,8,A,A,0,I,I,0
2017-12-31 19:55,9,A,A,0,A,I,0
2017-12-31 19:55,10,A,A,0,A,A,0
2017-12-31 19:55,11,A,A,A,A,A,A
2017-12-31 19:55,12,A,A,0,A,A,0
2017-12-31 19:55,14,A,A,A,A,A,A
2017-12-31 20:00,4,A,A,0,A,A,0
2017-12-31 20:00,5,A,A,0,I,A,0
2017-12-31 20:00,6,A,A,0,A,A,0
2017-12-31 20:00,7,A,I,0,A,U,0
2017-12-31 20:00,8,A,A,0,I,I,0
2017-12-31 20:00,9,A,A,0,A,I,0
2017-12-31 20:00,10,A,A,0,A,A,0
2017-12-31 20:00,11,A,A,A,A,A,A
2017-12-31 20:00,12,A,A,0,A,A,0
2017-12-31 20:00,14,A,A,A,A,A,A
2017-12-31 20:05,4,A,A,0,A,A,0
2017-12-31 20:05,5,A,A,0,I,A,0
2017-12-31 20:05,6,A,A,0,A,A,0
2017-12-31 20:05,7,A,I,0,A,U,0
2017-12-31 20:05,8,A,A,0,I,I,0
2017-12-31 20:05,9,A,A,0,I,I,0
2017-12-31 20:05,10,A,A,0,A,A,0
2017-12-31 20:05,11,A,A,A,A,A,A
2017-12-31 20:05,12,A,A,0,A,A,0
2017-12-31 20:05,14,A,A,A,A,A,A
2017-12-31 20:10,4,A,A,0,A,A,0
2017-12-31 20:10,5,A,A,0,I,A,0
2017-12-31 20:10,6,A,A,0,A,A,0
2017-12-31 20:10,7,A,A,0,A,U,0
2017-12-31 20:10,8,A,A,0,I,I,0
2017-12-31 20:10,9,A,A,0,I,I,0
2017-12-31 20:10,10,A,A,0,A,A,0
2017-12-31 20:10,11,A,A,A,A,A,A
2017-12-31 20:10,12,A,A,0,A,A,0
2017-12-31 20:10,14,A,A,A,A,A,A
2017-12-31 20:15,4,A,A,0,A,A,0
2017-12-31 20:15,5,A,A,0,I,A,0
2017-12-31 20:15,6,A,A,0,A,A,0
2017-12-31 20:15,7,A,A,0,A,U,0
2017-12-31 20:15,8,A,A,0,I,I,0
2017-12-31 20:15,9,A,A,0,I,I,0
2017-12-31 20:15,10,A,A,0,A,A,0
2017-12-31 20:15,11,A,A,A,A,A,A
2017-12-31 20:15,12,A,A,0,A,A,0
2017-12-31 20:15,14,A,A,A,A,A,A
2017-12-31 20:20,4,A,A,0,A,A,0
2017-12-31 20:20,5,A,A,0,I,A,0
2017-12-31 20:20,6,A,A,0,A,A,0
2017-12-31 20:20,7,A,A,0,I,U,0
2017-12-31 20:20,8,A,A,0,I,I,0
2017-12-31 20:20,9,A,A,0,I,I,0
2017-12-31 20:20,10,A,A,0,A,A,0
2017-12-31 20:20,11,A,A,A,A,A,A
2017-12-31 20:20,12,A,A,0,A,A,0
2017-12-31 20:20,14,A,A,A,A,A,A
2017-12-31 20:25,4,A,A,0,A,A,0
2017-12-31 20:25,5,A,A,0,I,A,0
2017-12-31 20:25,6,A,A,0,A,A,0
2017-12-31 20:25,7,A,A,0,I,U,0
2017-12-31 20:25,8,A,A,0,I,I,0
2017-12-31 20:25,9,A,A,0,I,I,0
2017-12-31 20:25,10,A,A,0,A,A,0
2017-12-31 20:25,11,A,A,A,A,A,A
2017-12-31 20:25,12,A,A,0,A,A,0
2017-12-31 20:25,14,A,A,A,A,A,A
2017-12-31 20:30,4,A,A,0,A,A,0
2017-12-31 20:30,5,A,A,0,I,A,0
2017-12-31 20:30,6,A,A,0,A,A,0
2017-12-31 20:30,7,A,A,0,I,U,0
2017-12-31 20:30,8,A,A,0,I,I,0
2017-12-31 20:30,9,A,A,0,I,I,0
2017-12-31 20:30,10,A,A,0,A,A,0
2017-12-31 20:30,11,A,A,A,A,A,A
2017-12-31 20:30,12,A,A,0,A,A,0
2017-12-31 20:30,14,A,A,A,A,A,A
2017-12-31 20:35,4,A,A,0,A,A,0
2017-12-31 20:35,5,I,A,0,I,A,0
2017-12-31 20:35,6,A,A,0,A,A,0
2017-12-31 20:35,7,A,A,0,I,U,0
2017-12-31 20:35,8,A,A,0,A,A,0
2017-12-31 20:35,9,A,A,0,I,I,0
2017-12-31 20:35,10,A,A,0,A,A,0
2017-12-31 20:35,11,A,A,A,A,A,A
2017-12-31 20:35,12,A,A,0,A,A,0
2017-12-31 20:35,14,A,A,A,A,A,A
2017-12-31 20:40,4,A,A,0,A,A,0
2017-12-31 20:40,5,I,A,0,I,A,0
2017-12-31 20:40,6,A,A,0,A,A,0
2017-12-31 20:40,7,A,A,0,I,U,0
2017-12-31 20:40,8,A,A,0,A,I,0
2017-12-31 20:40,9,A,A,0,I,I,0
2017-12-31 20:40,10,A,A,0,A,A,0
2017-12-31 20:40,11,A,A,A,I,I,I
2017-12-31 20:40,12,A,A,0,A,A,0
2017-12-31 20:40,14,A,A,A,A,A,A
2017-12-31 20:45,4,A,A,0,A,A,0
2017-12-31 20:45,5,I,A,0,A,A,0
2017-12-31 20:45,6,A,A,0,A,A,0
2017-12-31 20:45,7,A,A,0,I,U,0
2017-12-31 20:45,8,A,A,0,A,I,0
2017-12-31 20:45,9,A,A,0,I,I,0
2017-12-31 20:45,10,A,A,0,A,A,0
2017-12-31 20:45,11,A,A,A,I,I,I
2017-12-31 20:45,12,A,A,0,A,A,0
2017-12-31 20:45,14,A,A,A,A,A,A
2017-12-31 20:50,4,A,A,0,A,A,0
2017-12-31 20:50,5,I,A,0,A,A,0
2017-12-31 20:50,6,A,A,0,A,A,0
2017-12-31 20:50,7,A,A,0,I,U,0
2017-12-31 20:50,8,A,A,0,A,I,0
2017-12-31 20:50,9,A,A,0,I,I,0
2017-12-31 20:50,10,A,A,0,A,A,0
2017-12-31 20:50,11,A,A,A,I,I,I
2017-12-31 20:50,12,A,A,0,A,A,0
2017-12-31 20:50,14,A,A,A,A,A,A
2017-12-31 20:55,4,A,A,0,A,A,0
2017-12-31 20:55,5,I,A,0,A,A,0
2017-12-31 20:55,6,A,A,0,A,A,0
2017-12-31 20:55,7,A,A,0,I,U,0
2017-12-31 20:55,8,A,A,0,A,I,0
2017-12-31 20:55,9,A,A,0,I,I,0
2017-12-31 20:55,10,A,A,0,A,A,0
2017-12-31 20:55,11,A,A,A,I,I,I
2017-12-31 20:55,12,A,A,0,A,A,0
2017-12-31 20:55,14,A,A,A,A,A,A
2017-12-31 21:00,4,A,A,0,A,A,0
2017-12-31 21:00,5,I,A,0,A,A,0
2017-12-31 21:00,6,A,A,0,I,A,0
2017-12-31 21:00,7,A,A,0,I,U,0
2017-12-31 21:00,8,A,A,0,A,I,0
2017-12-31 21:00,9,A,A,0,I,I,0
2017-12-31 21:00,10,A,A,0,A,A,0
2017-12-31 21:00,11,A,A,A,I,I,I
2017-12-31 21:00,12,A,A,0,A,A,0
2017-12-31 21:00,14,A,A,A,A,A,A
2017-12-31 21:05,4,A,A,0,A,A,0
2017-12-31 21:05,5,I,A,0,A,A,0
2017-12-31 21:05,6,A,A,0,A,A,0
2017-12-31 21:05,7,A,A,0,I,U,0
2017-12-31 21:05,8,A,A,0,A,I,0
2017-12-31 21:05,9,A,A,0,I,I,0
2017-12-31 21:05,10,A,A,0,A,A,0
2017-12-31 21:05,11,A,A,A,I,I,I
2017-12-31 21:05,12,A,A,0,A,A,0
2017-12-31 21:05,14,A,A,A,A,A,A
2017-12-31 21:10,4,A,A,0,A,A,0
2017-12-31 21:10,5,I,A,0,A,A,0
2017-12-31 21:10,6,A,A,0,A,A,0
2017-12-31 21:10,7,A,A,0,I,U,0
2017-12-31 21:10,8,A,A,0,A,I,0
2017-12-31 21:10,9,A,A,0,I,I,0
2017-12-31 21:10,10,A,A,0,A,A,0
2017-12-31 21:10,11,A,A,A,I,I,I
2017-12-31 21:10,12,A,A,0,A,A,0
2017-12-31 21:10,14,A,A,A,A,A,A
2017-12-31 21:15,4,A,A,0,A,A,0
2017-12-31 21:15,5,I,A,0,A,A,0
2017-12-31 21:15,6,A,A,0,A,A,0
2017-12-31 21:15,7,A,A,0,A,U,0
2017-12-31 21:15,8,A,A,0,A,I,0
2017-12-31 21:15,9,A,A,0,I,I,0
2017-12-31 21:15,10,A,A,0,A,A,0
2017-12-31 21:15,11,A,A,A,I,I,I
2017-12-31 21:15,12,A,A,0,A,A,0
2017-12-31 21:15,14,A,A,A,A,A,A
2017-12-31 21:20,4,A,A,0,A,A,0
2017-12-31 21:20,5,I,A,0,A,A,0
2017-12-31 21:20,6,A,A,0,A,A,0
2017-12-31 21:20,7,A,A,0,I,U,0
2017-12-31 21:20,8,A,A,0,A,I,0
2017-12-31 21:20,9,A,A,0,I,I,0
2017-12-31 21:20,10,A,A,0,A,A,0
2017-12-31 21:20,11,A,A,A,I,I,I
2017-12-31 21:20,12,I,A,0,A,A,0
2017-12-31 21:20,14,A,A,A,A,A,A
2017-12-31 21:25,4,A,A,0,A,A,0
2017-12-31 21:25,5,A,A,0,A,A,0
2017-12-31 21:25,6,A,A,0,A,A,0
2017-12-31 21:25,7,A,A,0,I,U,0
2017-12-31 21:25,8,A,A,0,A,I,0
2017-12-31 21:25,9,A,A,0,I,I,0
2017-12-31 21:25,10,A,A,0,A,A,0
2017-12-31 21:25,11,A,A,A,I,I,I
2017-12-31 21:25,12,I,A,0,A,A,0
2017-12-31 21:25,14,A,A,A,A,A,A
2017-12-31 21:30,4,A,A,0,A,A,0
2017-12-31 21:30,5,A,A,0,A,I,0
2017-12-31 21:30,6,A,A,0,A,A,0
2017-12-31 21:30,7,A,A,0,I,U,0
2017-12-31 21:30,8,A,A,0,A,I,0
2017-12-31 21:30,9,A,A,0,I,I,0
2017-12-31 21:30,10,A,A,0,A,A,0
2017-12-31 21:30,11,A,A,A,I,I,I
2017-12-31 21:30,12,I,A,0,A,A,0
2017-12-31 21:30,14,A,A,A,A,A,A
2017-12-31 21:35,4,A,A,0,A,A,0
2017-12-31 21:35,5,A,A,0,A,I,0
2017-12-31 21:35,6,A,A,0,A,A,0
2017-12-31 21:35,7,A,A,0,I,U,0
2017-12-31 21:35,8,A,A,0,A,A,0
2017-12-31 21:35,9,A,A,0,I,I,0
2017-12-31 21:35,10,A,A,0,A,A,0
2017-12-31 21:35,11,A,A,A,A,I,A
2017-12-31 21:35,12,I,A,0,A,A,0
2017-12-31 21:35,14,A,A,A,A,A,A
2017-12-31 21:40,4,A,A,0,A,A,0
2017-12-31 21:40,5,A,A,0,A,I,0
2017-12-31 21:40,6,A,A,0,A,A,0
2017-12-31 21:40,7,A,A,0,I,U,0
2017-12-31 21:40,8,A,A,0,A,A,0
2017-12-31 21:40,9,A,A,0,I,I,0
2017-12-31 21:40,10,A,A,0,A,A,0
2017-12-31 21:40,11,A,A,A,A,A,A
2017-12-31 21:40,12,I,A,0,A,A,0
2017-12-31 21:40,14,A,A,A,A,A,A
2017-12-31 21:45,4,A,A,0,A,A,0
2017-12-31 21:45,5,A,A,0,A,I,0
2017-12-31 21:45,6,A,A,0,A,A,0
2017-12-31 21:45,7,A,A,0,I,U,0
2017-12-31 21:45,8,A,A,0,A,A,0
2017-12-31 21:45,9,A,A,0,I,I,0
2017-12-31 21:45,10,A,A,0,A,A,0
2017-12-31 21:45,11,A,A,A,A,A,A
2017-12-31 21:45,12,I,A,0,A,A,0
2017-12-31 21:45,14,A,A,A,A,A,A
2017-12-31 21:50,4,A,A,0,A,A,0
2017-12-31 21:50,5,A,A,0,A,I,0
2017-12-31 21:50,6,A,A,0,A,A,0
2017-12-31 21:50,7,A,A,0,I,U,0
2017-12-31 21:50,8,A,A,0,A,A,0
2017-12-31 21:50,9,A,A,0,I,I,0
2017-12-31 21:50,10,A,A,0,A,A,0
2017-12-31 21:50,11,A,A,A,A,A,A
2017-12-31 21:50,12,I,A,0,A,A,0
2017-12-31 21:50,14,A,A,A,A,A,A
2017-12-31 21:55,4,A,A,0,A,A,0
2017-12-31 21:55,5,A,A,0,A,I,0
2017-12-31 21:55,6,A,A,0,A,A,0
2017-12-31 21:55,7,A,A,0,I,U,0
2017-12-31 21:55,8,A,A,0,A,A,0
2017-12-31 21:55,9,A,A,0,I,I,0
2017-12-31 21:55,10,A,A,0,A,A,0
2017-12-31 21:55,11,A,A,A,A,A,A
2017-12-31 21:55,12,I,A,0,A,A,0
2017-12-31 21:55,14,A,A,A,A,A,A
2017-12-31 22:00,4,A,A,0,A,A,0
2017-12-31 22:00,5,A,A,0,A,I,0
2017-12-31 22:00,6,A,A,0,A,A,0
2017-12-31 22:00,7,A,A,0,I,U,0
2017-12-31 22:00,8,A,A,0,A,A,0
2017-12-31 22:00,9,A,A,0,I,I,0
2017-12-31 22:00,10,A,A,0,A,A,0
2017-12-31 22:00,11,A,A,A,A,A,A
2017-12-31 22:00,12,I,A,0,A,A,0
2017-12-31 22:00,14,A,A,A,A,A,A
2017-12-31 22:05,4,A,A,0,A,A,0
2017-12-31 22:05,5,A,A,0,A,I,0
2017-12-31 22:05,6,A,A,0,A,A,0
2017-12-31 22:05,7,A,A,0,I,U,0
2017-12-31 22:05,8,A,A,0,A,A,0
2017-12-31 22:05,9,A,A,0,I,I,0
2017-12-31 22:05,10,A,A,0,A,A,0
2017-12-31 22:05,11,A,A,A,A,A,A
2017-12-31 22:05,12,A,A,0,A,A,0
2017-12-31 22:05,14,A,A,A,A,A,A
2017-12-31 22:10,4,A,A,0,A,A,0
2017-12-31 22:10,5,A,A,0,A,I,0
2017-12-31 22:10,6,A,A,0,A,A,0
2017-12-31 22:10,7,A,A,0,I,U,0
2017-12-31 22:10,8,A,A,0,A,A,0
2017-12-31 22:10,9,A,A,0,I,I,0
2017-12-31 22:10,10,A,A,0,A,A,0
2017-12-31 22:10,11,A,A,A,A,A,A
2017-12-31 22:10,12,A,A,0,A,A,0
2017-12-31 22:10,14,A,A,A,A,A,A
2017-12-31 22:15,4,A,A,0,A,A,0
2017-12-31 22:15,5,A,A,0,A,I,0
2017-12-31 22:15,6,A,A,0,A,A,0
2017-12-31 22:15,7,A,A,0,I,U,0
2017-12-31 22:15,8,A,A,0,A,A,0
2017-12-31 22:15,9,A,A,0,I,I,0
2017-12-31 22:15,10,A,A,0,A,A,0
2017-12-31 22:15,11,A,A,A,A,A,A
2017-12-31 22:15,12,A,A,0,A,A,0
2017-12-31 22:15,14,A,A,A,A,A,A
2017-12-31 22:20,4,A,A,0,A,A,0
2017-12-31 22:20,5,A,A,0,A,I,0
2017-12-31 22:20,6,A,A,0,A,A,0
2017-12-31 22:20,7,A,A,0,A,U,0
2017-12-31 22:20,8,A,A,0,A,A,0
2017-12-31 22:20,9,A,A,0,I,I,0
2017-12-31 22:20,10,A,A,0,A,A,0
2017-12-31 22:20,11,A,A,A,A,A,A
2017-12-31 22:20,12,A,A,0,A,A,0
2017-12-31 22:20,14,A,A,A,A,A,A
2017-12-31 22:25,4,A,A,0,A,A,0
2017-12-31 22:25,5,A,A,0,A,A,0
2017-12-31 22:25,6,A,A,0,A,A,0
2017-12-31 22:25,7,A,A,0,A,U,0
2017-12-31 22:25,8,A,A,0,A,A,0
2017-12-31 22:25,9,A,A,0,I,I,0
2017-12-31 22:25,10,A,A,0,A,A,0
2017-12-31 22:25,11,A,A,A,A,A,A
2017-12-31 22:25,12,A,A,0,A,A,0
2017-12-31 22:25,14,A,A,A,A,A,A
2017-12-31 22:30,4,A,A,0,A,A,0
2017-12-31 22:30,5,A,A,0,A,A,0
2017-12-31 22:30,6,A,A,0,A,A,0
2017-12-31 22:30,7,A,A,0,A,U,0
2017-12-31 22:30,8,A,A,0,A,A,0
2017-12-31 22:30,9,A,A,0,I,I,0
2017-12-31 22:30,10,A,A,0,A,A,0
2017-12-31 22:30,11,A,A,A,A,A,A
2017-12-31 22:30,12,A,A,0,A,A,0
2017-12-31 22:30,14,A,A,A,A,A,A
2017-12-31 22:35,4,A,A,0,A,A,0
2017-12-31 22:35,5,A,A,0,A,A,0
2017-12-31 22:35,6,A,A,0,A,A,0
2017-12-31 22:35,7,A,A,0,A,U,0
2017-12-31 22:35,8,A,A,0,A,A,0
2017-12-31 22:35,9,A,A,0,I,I,0
2017-12-31 22:35,10,A,A,0,A,A,0
2017-12-31 22:35,11,A,A,A,A,A,A
2017-12-31 22:35,12,A,A,0,A,A,0
2017-12-31 22:35,14,A,A,A,A,A,A
2017-12-31 22:40,4,A,A,0,A,A,0
2017-12-31 22:40,5,A,A,0,A,A,0
2017-12-31 22:40,6,A,A,0,A,A,0
2017-12-31 22:40,7,A,A,0,A,U,0
2017-12-31 22:40,8,A,A,0,A,A,0
2017-12-31 22:40,9,A,A,0,I,I,0
2017-12-31 22:40,10,A,A,0,A,A,0
2017-12-31 22:40,11,A,A,A,A,A,A
2017-12-31 22:40,12,A,A,0,A,A,0
2017-12-31 22:40,14,A,A,A,A,A,A
2017-12-31 22:45,4,A,A,0,A,A,0
2017-12-31 22:45,5,A,A,0,A,A,0
2017-12-31 22:45,6,A,A,0,A,A,0
2017-12-31 22:45,7,A,A,0,A,U,0
2017-12-31 22:45,8,A,A,0,A,A,0
2017-12-31 22:45,9,A,A,0,I,I,0
2017-12-31 22:45,10,A,A,0,A,A,0
2017-12-31 22:45,11,A,A,A,A,A,A
2017-12-31 22:45,12,A,A,0,A,A,0
2017-12-31 22:45,14,A,A,A,A,A,A
2017-12-31 22:50,4,A,A,0,A,A,0
2017-12-31 22:50,5,A,A,0,A,A,0
2017-12-31 22:50,6,A,A,0,A,A,0
2017-12-31 22:50,7,A,A,0,A,U,0
2017-12-31 22:50,8,A,A,0,A,A,0
2017-12-31 22:50,9,A,A,0,I,I,0
2017-12-31 22:50,10,A,A,0,A,A,0
2017-12-31 22:50,11,A,A,A,A,A,A
2017-12-31 22:50,12,A,A,0,A,A,0
2017-12-31 22:50,14,A,A,A,A,A,A
2017-12-31 22:55,4,A,A,0,A,A,0
2017-12-31 22:55,5,A,A,0,A,A,0
2017-12-31 22:55,6,A,A,0,A,A,0
2017-12-31 22:55,7,A,A,0,A,U,0
2017-12-31 22:55,8,A,A,0,A,A,0
2017-12-31 22:55,9,A,A,0,I,I,0
2017-12-31 22:55,10,A,A,0,A,A,0
2017-12-31 22:55,11,A,A,A,A,A,A
2017-12-31 22:55,12,A,A,0,A,A,0
2017-12-31 22:55,14,A,A,A,A,A,A
2017-12-31 23:00,4,A,A,0,A,A,0
2017-12-31 23:00,5,A,A,0,A,A,0
2017-12-31 23:00,6,A,A,0,A,A,0
2017-12-31 23:00,7,A,A,0,A,U,0
2017-12-31 23:00,8,A,A,0,A,A,0
2017-12-31 23:00,9,A,A,0,I,I,0
2017-12-31 23:00,10,A,A,0,A,A,0
2017-12-31 23:00,11,A,A,A,A,A,A
2017-12-31 23:00,12,A,A,0,A,A,0
2017-12-31 23:00,14,A,A,A,A,A,A
2017-12-31 23:05,4,A,A,0,A,A,0
2017-12-31 23:05,5,A,A,0,A,A,0
2017-12-31 23:05,6,A,A,0,A,A,0
2017-12-31 23:05,7,A,A,0,A,U,0
2017-12-31 23:05,8,A,A,0,A,A,0
2017-12-31 23:05,9,A,A,0,I,I,0
2017-12-31 23:05,10,A,A,0,A,A,0
2017-12-31 23:05,11,A,A,A,A,A,A
2017-12-31 23:05,12,A,A,0,A,A,0
2017-12-31 23:05,14,A,A,A,A,A,A
2017-12-31 23:10,4,A,A,0,A,A,0
2017-12-31 23:10,5,A,A,0,A,A,0
2017-12-31 23:10,6,A,A,0,A,A,0
2017-12-31 23:10,7,A,A,0,A,U,0
2017-12-31 23:10,8,A,A,0,A,A,0
2017-12-31 23:10,9,A,A,0,I,I,0
2017-12-31 23:10,10,A,A,0,A,A,0
2017-12-31 23:10,11,A,A,A,A,A,A
2017-12-31 23:10,12,A,A,0,A,A,0
2017-12-31 23:10,14,A,A,A,A,A,A
2017-12-31 23:15,4,A,A,0,A,A,0
2017-12-31 23:15,5,A,A,0,A,A,0
2017-12-31 23:15,6,A,A,0,A,A,0
2017-12-31 23:15,7,A,A,0,A,U,0
2017-12-31 23:15,8,A,A,0,A,A,0
2017-12-31 23:15,9,A,A,0,I,I,0
2017-12-31 23:15,10,A,A,0,A,A,0
2017-12-31 23:15,11,A,A,A,A,A,A
2017-12-31 23:15,12,A,A,0,A,A,0
2017-12-31 23:15,14,A,A,A,A,A,A
2017-12-31 23:20,4,A,A,0,A,A,0
2017-12-31 23:20,5,A,A,0,A,A,0
2017-12-31 23:20,6,A,A,0,A,A,0
2017-12-31 23:20,7,A,A,0,A,U,0
2017-12-31 23:20,8,A,A,0,A,A,0
2017-12-31 23:20,9,A,A,0,I,I,0
2017-12-31 23:20,10,A,A,0,A,A,0
2017-12-31 23:20,11,A,A,A,A,A,A
2017-12-31 23:20,12,A,A,0,A,A,0
2017-12-31 23:20,14,A,A,A,A,A,A
2017-12-31 23:25,4,A,A,0,A,A,0
2017-12-31 23:25,5,A,A,0,A,A,0
2017-12-31 23:25,6,A,A,0,A,A,0
2017-12-31 23:25,7,A,A,0,A,U,0
2017-12-31 23:25,8,A,A,0,A,A,0
2017-12-31 23:25,9,A,A,0,I,I,0
2017-12-31 23:25,10,A,A,0,A,A,0
2017-12-31 23:25,11,A,A,A,A,A,A
2017-12-31 23:25,12,A,A,0,A,A,0
2017-12-31 23:25,14,A,A,A,A,A,A
2017-12-31 23:30,4,A,A,0,A,A,0
2017-12-31 23:30,5,A,A,0,A,A,0
2017-12-31 23:30,6,A,A,0,A,A,0
2017-12-31 23:30,7,A,A,0,A,U,0
2017-12-31 23:30,8,A,A,0,A,A,0
2017-12-31 23:30,9,A,A,0,I,I,0
2017-12-31 23:30,10,A,A,0,A,A,0
2017-12-31 23:30,11,A,A,A,A,A,A
2017-12-31 23:30,12,A,A,0,A,A,0
2017-12-31 23:30,14,A,A,A,A,A,A
2017-12-31 23:35,4,A,A,0,A,A,0
2017-12-31 23:35,5,A,A,0,A,A,0
2017-12-31 23:35,6,A,A,0,A,A,0
2017-12-31 23:35,7,A,A,0,A,U,0
2017-12-31 23:35,8,A,A,0,A,A,0
2017-12-31 23:35,9,A,A,0,I,I,0
2017-12-31 23:35,10,A,A,0,A,A,0
2017-12-31 23:35,11,A,A,A,A,A,A
2017-12-31 23:35,12,A,A,0,A,A,0
2017-12-31 23:35,14,A,A,A,A,A,A
2017-12-31 23:40,4,A,A,0,A,A,0
2017-12-31 23:40,5,A,A,0,A,A,0
2017-12-31 23:40,6,A,A,0,A,A,0
2017-12-31 23:40,7,A,A,0,A,U,0
2017-12-31 23:40,8,A,A,0,A,A,0
2017-12-31 23:40,9,A,A,0,I,I,0
2017-12-31 23:40,10,A,A,0,A,A,0
2017-12-31 23:40,11,A,A,A,A,A,A
2017-12-31 23:40,12,A,A,0,I,A,0
2017-12-31 23:40,14,A,A,A,A,A,A
2017-12-31 23:45,4,A,A,0,A,A,0
2017-12-31 23:45,5,A,A,0,A,A,0
2017-12-31 23:45,6,A,A,0,A,A,0
2017-12-31 23:45,7,A,A,0,A,U,0
2017-12-31 23:45,8,A,A,0,A,A,0
2017-12-31 23:45,9,A,A,0,I,I,0
2017-12-31 23:45,10,A,A,0,A,A,0
2017-12-31 23:45,11,A,A,A,A,A,A
2017-12-31 23:45,12,A,A,0,I,A,0
2017-12-31 23:45,14,A,A,A,A,A,A
2017-12-31 23:50,4,A,A,0,A,A,0
2017-12-31 23:50,5,A,A,0,A,A,0
2017-12-31 23:50,6,A,A,0,A,A,0
2017-12-31 23:50,7,A,A,0,A,U,0
2017-12-31 23:50,8,A,A,0,A,A,0
2017-12-31 23:50,9,A,A,0,I,I,0
2017-12-31 23:50,10,A,A,0,A,A,0
2017-12-31 23:50,11,A,A,A,A,A,A
2017-12-31 23:50,12,A,A,0,I,A,0
2017-12-31 23:50,14,A,A,A,A,A,A
2017-12-31 23:55,4,A,A,0,A,A,0
2017-12-31 23:55,5,A,A,0,A,A,0
2017-12-31 23:55,6,A,A,0,A,A,0
2017-12-31 23:55,7,A,A,0,A,U,0
2017-12-31 23:55,8,A,A,0,A,A,0
2017-12-31 23:55,9,A,A,0,I,I,0
2017-12-31 23:55,10,A,A,0,A,A,0
2017-12-31 23:55,11,A,A,A,A,A,A
2017-12-31 23:55,12,A,A,0,I,A,0
2017-12-31 23:55,14,A,A,A,A,A,A
